"rep","accepted","calibration_hr","est","lo","hi"
1,TRUE,1.0636027262206,-0.209215248438408,-0.506043344916289,0.118544066479939
2,TRUE,0.883357960216045,-0.508562265662562,-0.908541826560913,-0.158162010731107
3,TRUE,0.81098328412281,-0.109251157304649,-0.407504749444697,0.225933663383742
4,TRUE,1.02397736132303,-0.54384766140593,-0.909071429972782,-0.215809471692932
5,TRUE,0.963635433911854,-0.574425160994693,-0.93227427920002,-0.193228456878019
6,FALSE,0.729738992530614,NA,NA,NA
7,TRUE,0.878070469090166,-0.487609346862855,-0.893700188495162,-0.0836575944348133
8,TRUE,0.810140416665657,-0.16334759091715,-0.486757351524664,0.140711185773756
9,TRUE,0.994477847874479,-0.51457529650536,-0.861716869836716,-0.158161408887902
10,TRUE,0.838348363046922,-0.450059518864315,-0.840712698073863,-0.0825189195834675
11,TRUE,1.15635567403326,-0.470507495163249,-0.853463413238423,-0.100000141307983
12,TRUE,0.97913189846694,-0.145747200503272,-0.561233820472112,0.207850860901552
13,TRUE,0.843368630922889,-0.583151028618088,-0.918284048099809,-0.206731291760326
14,TRUE,0.904208349016679,-0.362605081764009,-0.742067220881479,-0.0397765397630472
15,TRUE,1.10524396382124,-0.539932459640899,-0.934752991578386,-0.212105592755144
16,FALSE,1.28870217208671,NA,NA,NA
17,TRUE,1.04741517450522,-0.430164109486787,-0.736889710478842,-0.0675112457802858
18,TRUE,0.938980308802951,-0.618772208249534,-0.999922879900249,-0.294053013754681
19,TRUE,0.869656678420043,-0.423100421948492,-0.864549248687511,-0.0578039626057896
20,TRUE,1.08438607701557,-0.157775056334436,-0.47658164880117,0.202400933216985
21,TRUE,1.041604637478,-0.263292662008561,-0.687433166582696,0.0989717145328095
22,TRUE,0.997521692318651,-0.36771954907354,-0.662207217648242,0.0279737734544536
23,TRUE,0.944969743789525,-0.621869021756859,-0.974684183549852,-0.23868369361712
24,FALSE,0.782191423811239,NA,NA,NA
25,TRUE,1.00453597760569,-0.461346647441666,-0.904618596472941,-0.129545754700294
26,TRUE,0.982817364867293,-0.74822532370168,-1.17592629271105,-0.326155513769573
27,TRUE,0.873188574017827,-0.428244586174138,-0.845469723180232,-0.0555453993773823
28,TRUE,0.997742888050061,-0.166959564828134,-0.552950120146354,0.147772818761068
29,TRUE,0.891381007042658,-0.520024250523977,-0.975580350868538,-0.126112608676953
30,TRUE,1.04650940519129,-0.359555128084741,-0.8243854679344,-0.0767672107582143
31,TRUE,0.964211930489356,-0.286790425235027,-0.658347600794281,0.0438689888210901
32,TRUE,1.04827435932002,-0.303535981039725,-0.303535981039725,-0.110888861269979
33,TRUE,1.05155200679268,-0.50040132813384,-0.829517814071197,-0.119036069856383
34,TRUE,0.898575289368568,-0.783471031840429,-1.39395503609208,-0.354669121454821
35,TRUE,0.838660143053197,-0.297996768039915,-0.714653770509062,0.0474869172898525
36,TRUE,0.964963362516274,-0.0861617483165394,-0.441820124584853,0.207457644996262
37,TRUE,1.14892304396157,-0.527204678640893,-0.930451079505525,-0.182055150520356
38,FALSE,1.36494505807627,NA,NA,NA
39,FALSE,0.66313265884401,NA,NA,NA
40,TRUE,0.952704928599251,-0.755034916520602,-1.28365180506186,-0.433512743662744
41,TRUE,1.02957434664452,-0.296680769609664,-0.644719343539997,0.0210856265795626
42,TRUE,0.964876800217349,-0.232092738751025,-0.583704195364039,0.0350196279218375
43,TRUE,0.975600468085653,-0.560385064470229,-1.00042311850086,-0.118443230937547
44,TRUE,0.987055284539405,-0.162279264339127,-0.573143089954758,0.189075901985836
45,TRUE,0.893234480146788,-0.5682541086481,-0.911588249060863,-0.227756300262842
46,TRUE,0.84623874098354,-0.757504473946722,-1.19388312800652,-0.396802873410219
47,FALSE,1.20159113654243,NA,NA,NA
48,TRUE,1.1948187598065,-0.21800529313,-0.52877186376942,0.147596699893116
49,TRUE,0.89989352982349,-0.352213633126942,-0.734958907450812,-0.018483350035588
50,FALSE,1.2439180534519,NA,NA,NA
51,TRUE,1.06970115775906,-0.10993611150646,-0.505217162618229,0.218622348741281
52,TRUE,0.854530443626163,-0.393678581014642,-0.738160759127335,-0.0129201686802948
53,TRUE,0.937806485328944,-0.544631356124351,-0.951289080325685,-0.179940850279323
54,TRUE,1.06472002371329,-0.211222779908972,-0.555991690480447,0.109086278441674
55,TRUE,0.965415620752542,-0.373631089211818,-0.814528747728663,-0.0324320712715961
56,TRUE,0.909461958491676,-0.229185498328825,-0.632556128337368,0.132933660899663
57,TRUE,1.02676031305815,-0.360927908340125,-0.740581197189816,-0.0231461449106235
58,TRUE,0.820574546853806,-0.561226095401389,-0.951379688669837,-0.21520585538942
59,TRUE,1.01627115012379,-0.262865845070162,-0.673626759351702,0.0307159330183498
60,TRUE,0.871052179391281,-0.475475308055415,-0.890455981742611,-0.0998967556007317
61,TRUE,1.01226839392131,-0.529602247513083,-1.00869920237876,-0.168509352853881
62,TRUE,0.888600258081009,-0.547715325084157,-0.986357975422625,-0.196193182925836
63,TRUE,1.00207407144675,-0.760621011180728,-1.28652270108665,-0.367312956778531
64,TRUE,1.07902705176596,-0.0762678165142011,-0.40699440862782,0.297879538202964
65,TRUE,0.967509057426808,-0.408329685086501,-0.819531153883869,-0.0880058009483096
66,TRUE,1.08292244658813,-0.333750047644704,-0.757109977039529,-0.0357440199391201
67,TRUE,0.959066564692435,-0.358311589969679,-0.761999396623281,0.0340190951289408
68,TRUE,1.01199598041585,-0.464035399504622,-0.867486470972416,-0.0908914052888601
69,TRUE,1.03929085096402,-0.755139152163465,-1.2501721562017,-0.376675097306523
70,TRUE,1.06258229006447,-0.614131841309647,-0.959193321756588,-0.217108715019208
71,TRUE,1.05596371931429,-0.363540138735327,-0.793930238377609,-0.00218469836814615
72,TRUE,1.07342631034316,-0.827417266437306,-1.21372158827425,-0.435356993751981
73,TRUE,1.03455413413448,-0.211725256421441,-0.583424371837883,0.165157239488721
74,TRUE,0.832724061556826,-0.457960112519385,-0.830415515989813,-0.128103043254304
75,TRUE,1.0303546962094,-0.440927428613015,-0.874168538190465,-0.0638549548023036
76,TRUE,1.03582173646667,-0.556483806559821,-0.963988933150625,-0.216233111055694
77,TRUE,0.993291663589023,-0.406936158937875,-0.81419983893245,-0.00526245435460611
78,TRUE,0.874163023616755,-0.467878495806491,-0.787483913610242,-0.0908077986576749
79,TRUE,0.963455230071231,-0.595205643893369,-1.02728952773965,-0.218665947056795
80,TRUE,0.829373892943969,-0.485839680810329,-0.896829314703215,-0.0808218269308447
81,TRUE,1.09939951806401,-0.435569419832193,-0.864332897661664,-0.050684913426737
82,TRUE,0.98902298124688,-0.257099549529127,-0.64978172247162,0.0265433666582687
83,TRUE,0.865252668188807,-0.598363891088938,-1.0043552024192,-0.232415124902436
84,TRUE,0.880939836958099,-0.100261848271442,-0.480793402793079,0.225600673191902
85,TRUE,0.887672995934883,-0.196082324430329,-0.61317462866033,0.161985158380264
86,TRUE,0.988890443497201,-0.252237633714322,-0.655209219664997,0.102185774730251
87,FALSE,0.695196300655285,NA,NA,NA
88,TRUE,1.03769442848819,-0.193414111253659,-0.589251800605679,0.0660556415904674
89,TRUE,0.998229176642133,-0.323910098909166,-0.736854186779993,-0.0056140959768534
90,TRUE,1.00959086543011,-0.308777355142094,-0.723796643902414,0.0497727043044208
91,FALSE,0.746479366632771,NA,NA,NA
92,TRUE,0.959370697888132,-0.215731706898312,-0.553519251169884,0.0962078972505875
93,TRUE,1.06663415628396,-0.465127454693074,-0.896741297960858,-0.129658231610774
94,TRUE,0.83379704337378,-0.241350641035073,-0.334483431141239,0.0313648358436486
95,TRUE,1.04571142586282,-0.400064723184871,-0.804548675798158,-0.0246803851042625
96,TRUE,1.02027481653313,-0.0646325484052664,-0.442233451203181,0.252227370812772
97,TRUE,0.973032282224741,-0.318384543625777,-0.681840795895234,0.064567115258504
98,TRUE,1.08518751556755,-0.242889300364406,-0.571650467728375,0.136853281360253
99,TRUE,0.954564558360848,-0.546298650435727,-0.919633850855311,-0.245927054746373
100,TRUE,0.800850767337869,-0.529759698208362,-0.951442266669473,-0.141942015543726
