"rep","gamma1","X_1","X_2","X_3","X_42","X_43","X_52","X_53","X_62","X_63","slope","slope_se","accepted"
1,0.91103103589968,0.0979904072362804,-0.15799831039153,0.226195048958019,0.135428511869379,0.209836370494844,0.180635339104833,0.326884259903282,0.204116488872673,-0.016979861858063,0.266175934896541,0.38159328116618,FALSE
2,1.05725796365853,0.149728572616842,-0.0765976862881769,0.19963539569211,0.0339336988408109,0.424352404725198,-0.112943956616707,0.263816500592439,0.499898294980326,0.426599674335005,0.77411769678593,0.246254703243702,FALSE
3,0.569864544901131,0.122518482588039,-0.172138603620545,0.102733066146265,0.0765834617851939,0.708522090220856,0.317461667923338,0.408421573223586,-0.129690338111722,-0.0135888508677162,0.680584393204273,0.293795457783725,FALSE
4,0.651613418652976,0.100261348217453,0.0293265809306211,0.0441574488385846,0.0643374679518911,0.659899669131238,0.171518716106672,-0.191061489948688,0.40305219887868,0.207730534858372,0.700878356703076,0.284987583930997,FALSE
5,1.16452979231543,0.0439952554342683,-0.0096334783802993,0.296977426277889,0.334298908007121,-0.171400284192944,0.00571745302254437,0.518419946245719,-0.000143937750920235,0.156813118757003,0.330398512878912,0.239050310053528,FALSE
6,1.88020114278479,0.181427242322634,-0.0942122582471275,0.280557498495302,-0.116786261890661,-0.0713987062052331,0.0354116073500222,0.137790345261609,-0.0874273676184671,0.139228019517997,0.721296427684281,0.32523206043912,FALSE
7,0.852791466420943,0.25587368881874,-0.339637571547426,0.262414042176494,-0.0945018217188804,0.373745233979147,0.307275828950176,0.55748012653609,-0.200873813723354,-0.0584049450157285,0.684043233989855,0.196935571793145,FALSE
8,1.03223400709869,0.00592618120802231,-0.131245029416699,0.131020970590802,0.272221001375439,0.562368682241872,0.222626045642083,0.292409378761677,-0.300983749699249,0.113439849007766,1.21593889478101,0.390565721013967,FALSE
9,0.61113312033179,0.175540369494308,-0.163889809453913,0.0886576151006227,-0.0355559685960948,-0.00459655154066073,0.209948683751713,0.460099365967069,-0.212439699230383,0.318421989504477,1.0082585185439,0.389771794686437,TRUE
10,0.497805790354834,0.0314326123734385,0.0518881687584105,-0.185564415623469,0.0599433303345975,0.46260776725888,0.0806494270326951,-0.136926091949568,0.441526821593134,0.949285697496637,0.125097478560486,0.349299741807064,FALSE
