"rep","n_train","n_valid","events_valid","median_beta","calibration_hr","accepted"
1,375,125,95,0.0616619435844533,1.0636027262206,TRUE
2,375,125,85,-0.12402582242573,0.883357960216045,TRUE
3,375,125,84,-0.209507836518341,0.81098328412281,TRUE
4,375,125,86,0.0236944182899468,1.02397736132303,TRUE
5,375,125,90,-0.037042236489268,0.963635433911854,TRUE
6,375,125,76,-0.315070378725894,0.729738992530614,FALSE
7,375,125,81,-0.130028427645016,0.878070469090166,TRUE
8,375,125,85,-0.210547692431486,0.810140416665657,TRUE
9,375,125,89,-0.00553768177310551,0.994477847874479,TRUE
10,375,125,85,-0.176321557189334,0.838348363046922,TRUE
