"tertile","time","predicted","observed","obs_lo","obs_hi","n","events","mean_lp"
"low",0.5,0.925204696072916,0.833333333333333,0.727914326476415,0.954019476173814,42,29,-1.17072633432999
"low",1,0.855578174216447,0.80952380952381,0.699066985451853,0.937433481803406,42,29,-1.17072633432999
"low",1.5,0.791111510440559,0.761904761904762,0.643394848499071,0.902243571839836,42,29,-1.17072633432999
"low",2,0.731490812064934,0.619047619047619,0.488303610677412,0.784798527532684,42,29,-1.17072633432999
"low",2.5,0.676380226447489,0.593253968253968,0.461341448837283,0.762884565729135,42,29,-1.17072633432999
"low",3,0.625452380399146,0.567460317460317,0.434858337329886,0.740496810684083,42,29,-1.17072633432999
"low",4,0.534922234629098,0.459372637944066,0.327800144114677,0.643755728239908,42,29,-1.17072633432999
"low",5,0.457650325052531,0.378306878306878,0.25286145271105,0.56598620564692,42,29,-1.17072633432999
"middle",0.5,0.89425116460832,0.902439024390244,0.81603539134781,0.997991265302002,41,29,-0.799921836252099
"middle",1,0.79902406754106,0.829268292682927,0.721733110184051,0.952825762800169,41,29,-0.799921836252099
"middle",1.5,0.713752658151525,0.75609756097561,0.635441586034433,0.899663374694976,41,29,-0.799921836252099
"middle",2,0.637493801582457,0.656794425087108,0.525990032837667,0.820127549752712,41,29,-0.799921836252099
"middle",2.5,0.569337318906495,0.55574912891986,0.421701385218714,0.732407113472003,41,29,-0.799921836252099
"middle",3,0.508444514135858,0.55574912891986,0.421701385218714,0.732407113472003,41,29,-0.799921836252099
"middle",4,0.405478808294884,0.479965156794425,0.347790426709694,0.662371744720241,41,29,-0.799921836252099
"middle",5,0.32336977985908,0.404181184668989,0.277404727643672,0.58889562347426,41,29,-0.799921836252099
"high",0.5,0.845277305737922,0.833333333333333,0.727914326476415,0.954019476173814,42,37,-0.404419029547721
"high",1,0.714357644150021,0.738095238095238,0.616415300764895,0.883794707598685,42,37,-0.404419029547721
"high",1.5,0.604093929758076,0.642857142857143,0.513117699625512,0.805400605794854,42,37,-0.404419029547721
"high",2,0.511241717837886,0.519230769230769,0.387263741737968,0.69616791519407,42,37,-0.404419029547721
"high",2.5,0.433011892615571,0.445054945054945,0.316368501820926,0.626086045158742,42,37,-0.404419029547721
"high",3,0.367052636173737,0.321428571428571,0.205855218320584,0.501888304671077,42,37,-0.404419029547721
"high",4,0.264381249668431,0.173076923076923,0.0883708746788099,0.338976177509286,42,37,-0.404419029547721
"high",5,0.191013995994586,0.148351648351648,0.0709866185358895,0.310033243202367,42,37,-0.404419029547721
