"rep","n_train","n_valid","events_train","events_valid","gamma1","X_1","X_2","X_3","X_42","X_43","X_52","X_53","X_62","X_63","slope","slope_se","departure","accepted","sd_lp","sd_true","reliability"
1,375,125,264,95,0.960067774289123,0.222368699652277,-0.145038378049102,0.0878072288578545,0.0159509761803849,0.206109226278581,0.0607580988536163,0.248311419246173,0.266004526410514,0.239302707445122,0.654034276088774,0.308660394456216,-0.345965723911228,FALSE,0.351637195836022,0.313189166349524,0.793275141914371
2,375,125,261,85,0.949127522721281,0.199016106167235,-0.0800799379688957,0.178262239124605,0.11755836945533,0.272931095724512,-0.129483468843342,0.264835385791476,0.381779908850132,0.400134561801432,0.715280323334851,0.226111690291088,-0.284719676665173,FALSE,0.493560490789029,0.303383044632822,0.377834695996258
3,375,125,267,84,0.648337359379646,0.0197255209743501,-0.157846796541151,0.111066894425015,0.0469962247416686,0.672268096405429,0.298639191742955,0.553825085645997,-0.0743653639998916,-0.0398516067440503,0.684188363929441,0.288320032808973,-0.315811636005923,FALSE,0.392994795829398,0.310438863267469,0.623991351403063
4,375,125,272,86,0.511019093299645,0.123796956624482,0.0101269318958149,0.0524970266398683,0.152068926795448,0.52688812418627,0.0954285990184548,-0.118166336138119,0.406530256252455,0.313918141568327,0.864676548859656,0.252101153067734,-0.135323450406582,FALSE,0.444077429461539,0.343393994736051,0.59795429691124
5,375,125,267,90,1.08998065709348,0.0153582646064585,0.0117065932473511,0.286618608009889,0.330458561616544,-0.0349058847337153,0.00259319582736222,0.320398854787359,-0.0748745299317444,0.203022551273441,0.3719779867395,0.254693053206231,-0.62802201011511,FALSE,0.401446874376124,0.295137432084138,0.54049592844412
6,375,125,271,76,1.30670780892468,0.102467715439058,0.0565482624603745,0.131940828862043,0.081076094830419,0.214137220288755,-0.0298870620216001,-0.10445589700658,0.156272399265542,0.291007172512995,1.09375049134538,0.344398963790965,0.0937504902269615,TRUE,0.364003367475272,0.320622501923297,0.775848982006323
7,375,125,262,81,0.820321922549099,0.132509409024624,-0.316159302356706,0.197076016223795,0.0994532784866796,0.573134190998784,0.314167552718334,0.609991422181868,-0.228468265847019,0.0329719034070748,0.82615662430971,0.224286294266661,-0.173843375689467,FALSE,0.472342842122843,0.318494362559995,0.454662172006192
8,375,125,253,85,0.835043930775747,0.132778842991011,-0.250375841751137,0.19802398230837,0.169905990278629,0.680080354946185,0.111741894127766,0.318324020878399,-0.403887186912128,0.0667439964560285,0.52536984917419,0.24014486064414,-0.474630145305976,FALSE,0.486066530342062,0.339000151481991,0.486416557489197
9,375,125,261,89,0.642688816798076,0.220343938544972,-0.23192152009465,0.183030679352469,-0.267607117251962,-0.175452488816792,0.183016007449191,0.342663908948385,0.0420539409459365,0.353166003214452,1.07701973966639,0.368124034155553,0.0770197396663917,TRUE,0.323971946810825,0.321522168935742,0.984933784178328
10,375,125,267,85,0.698333223791159,0.104689836986432,0.0207121147889277,-0.0060079676588526,-0.000606428695569084,0.352214511398962,0.315217910360073,0.10536927038989,0.125008701932701,0.319571260060383,0.656683544478412,0.276482601089006,-0.343316456348111,FALSE,0.377560049972156,0.324306866449237,0.737802662468894
