"overlap","role","rep","id","p_exchangeable","closer_than_trial","ll_gap","time","event","X_1","X_2","X_3","X_4","X_5","X_6"
"Same margins","few_exchangeable",38,24388,0.0475438574957049,0.52,-0.783068049716208,0.120611828122494,1,0.618145239167074,-0.136483963868358,-0.107706677500208,2,1,1
"Same margins","few_exchangeable",38,27325,0.0476019169519961,0.506666666666667,-0.738766248935183,0.238583901803235,1,0.589644272977742,0.507866416649963,0.255364334928679,2,2,1
"Same margins","few_exchangeable",38,24850,0.047655310677101,0.773333333333333,-0.606498308197877,0.49777863935952,1,-0.940979006066673,-0.84826798091193,-1.7498932832612,1,1,1
"Same margins","few_exchangeable",38,44445,0.0507019892102171,0.533333333333333,-0.640704588150605,1.79838345241642,1,0.55539140842309,-0.32923264918539,-0.610857129776552,2,1,1
"Same margins","typical",2,10431,0.667742851498716,0.866666666666667,-0.533454437704588,0.445555901607236,1,-1.36771777070831,-0.437718813620929,0.176179126002076,1,1,1
"Same margins","typical",2,41109,0.674494938359039,0.573333333333333,-0.488789821967605,0.0996262643277446,1,0.417870503640597,0.356827203795556,0.489061393193299,2,1,1
"Same margins","typical",2,26907,0.674923986844081,0.64,-0.489101094054846,0.0456951792761698,1,0.31209587507078,-0.189636253496251,0.217938255181409,1,1,1
"Same margins","typical",2,28422,0.677298028896918,1,-0.474154742620072,0.63365976654691,1,-0.947570443814713,-0.601750763928327,-0.452410253210641,1,1,1
"Same margins","most_exchangeable",35,26997,0.974728229558932,0.506666666666667,-1.963432378076,6,0,0.0817431718521439,-0.113054642157585,-0.703190262524633,2,2,2
"Same margins","most_exchangeable",35,38903,0.980504085620849,0.866666666666667,-1.69235133592402,6,0,-0.999436834260359,-1.64185113020132,-0.234418047183004,1,1,1
"Same margins","most_exchangeable",35,20613,0.981502706101807,0.506666666666667,-1.6425277838572,6,0,0.459983675878306,-0.163867456783242,-0.0950074043030967,1,2,1
"Same margins","most_exchangeable",35,47446,0.982123034243952,0.666666666666667,-1.60750704268443,6,0,0.38864247124395,0.558250462132287,0.5588363720393,1,2,2
"Moderate overlap","few_exchangeable",2,39795,0.0321139946308413,0.573333333333333,-0.369895173502824,5.61008667988456,1,0.189664998938112,0.36174105800882,0.890341000577322,2,1,2
"Moderate overlap","few_exchangeable",2,47854,0.032611804658925,0.946666666666667,-0.372099838207158,5.80871803367121,1,0.202883330574028,0.178721761938457,0.535702720729294,1,1,2
"Moderate overlap","few_exchangeable",2,7494,0.0328837698600553,0.6,-0.319949917927442,2.86127539511117,0,1.78363757341183,0.705237983398255,0.30924204481375,2,2,2
"Moderate overlap","few_exchangeable",2,23287,0.033893191396912,0.533333333333333,-0.312755201542688,5.17389700513343,1,-0.613821116582665,-0.00271405470524263,0.806205684651263,1,1,2
"Moderate overlap","typical",19,11746,0.760776188138311,0.92,-0.242753096417639,0.0309311834955098,1,0.274562308127921,0.274786792580376,-0.79555386260032,1,1,1
"Moderate overlap","typical",19,22172,0.763474711642757,0.733333333333333,-0.227816528388805,0.086389017858818,1,-0.686213010006966,0.361819690889729,-0.400611450872866,1,1,1
"Moderate overlap","typical",19,48503,0.767250001711303,0.68,-0.214547181303162,0.36984436395138,1,1.30477850525979,0.725451586267223,-0.698033524259546,1,1,1
"Moderate overlap","typical",19,24676,0.768735368782553,0.786666666666667,-0.196731028096709,0.37236445386455,1,-0.420520110926266,-0.469710639334739,-0.733136927781194,1,1,1
"Moderate overlap","most_exchangeable",38,5932,0.948524444072404,0.52,-2.42938945038884,6,0,0.872800813200709,1.88733177807449,1.5122165645193,2,3,2
"Moderate overlap","most_exchangeable",38,2240,0.95280675324783,0.68,-2.36541152546937,6,0,1.23302033641613,0.956043836706234,0.803843545198025,2,2,3
"Moderate overlap","most_exchangeable",38,39647,0.96724509104531,0.653333333333333,-1.99961724025775,6,0,0.193987882670835,0.679017148444274,-0.0109048029583513,1,2,2
"Moderate overlap","most_exchangeable",38,45324,0.967413055307676,0.52,-1.89390251209383,3.69467705402903,0,2.15963758968829,1.62258595650994,0.649108961341764,3,3,2
"Poor overlap","few_exchangeable",30,22806,0.08050021060629,0.573333333333333,0.138566657771077,1.97747883866925,1,2.58179780186528,2.776535258385,1.47864401894319,3,3,3
"Poor overlap","typical",2,31976,0.74021683909246,0.52,-0.337051690681084,4.28938206002246,1,2.42613554779028,1.32501705349914,1.10232233770189,3,2,2
"Poor overlap","typical",2,29984,0.760135314066929,0.68,-0.261238582101265,4.92960678017384,1,2.00675999633785,2.49383247489702,1.44831711661935,3,3,3
"Poor overlap","typical",2,27015,0.761509959089731,0.773333333333333,-0.248903820265356,4.53504279230678,1,2.19633230059935,2.08785860322339,1.31118002616849,3,3,3
"Poor overlap","typical",2,33344,0.768365110070887,0.88,-0.19476878771366,3.91152793265987,1,3.07491096188304,2.54193357952362,1.29701116809286,3,3,3
"Poor overlap","most_exchangeable",71,23683,0.975783836383617,0.586666666666667,34.0662622369717,3.4649454515194,1,2.53979052482121,1.62324428814768,2.84618962245695,3,2,3
"Poor overlap","most_exchangeable",71,10032,0.976248423821717,0.586666666666667,34.7744211700805,3.53391109664352,1,2.28523711619124,1.42553879184544,1.90984867945338,3,3,3
"Poor overlap","most_exchangeable",71,10599,0.977225469394522,0.906666666666667,26.5095737503242,2.77145422468765,1,2.91877034372768,3.62117969400321,3.26178284240262,3,3,3
"Poor overlap","most_exchangeable",71,5893,0.978969550233863,0.853333333333333,21.1919135910528,2.27247862553707,1,2.50883337782421,2.53744727871874,1.8128638299679,3,3,3
