"overlap","method","mean_est","mean_se","mean_bias","mean_sum_w","mean_ess","coverage","mc_sd","median_est","median_ess","n_rep"
"Same margins","Pooled unadjusted",-0.340305360003389,0.162881625062854,0.0163695839353438,400,400,0.96,0.168500243920812,-0.349093918906508,400,100
"Same margins","Population synthetic control",-0.341401009475926,0.205153024035488,0.0152739344628066,75,347.50433036858,0.99,0.170994834154026,-0.345617728914024,353.053748287943,100
"Same margins","Bayesian case-weighted",-0.341823344082875,0.205423746966912,0.0148515998558579,75,347.50433036858,0.98,0.171000566638846,-0.342506477117776,353.053748287943,100
"Same margins","PSC proximity-weighted",-0.41543821836699,0.22378149321903,-0.0587632744282577,41.44561045847,58.1410964787636,0.92,0.217510687033324,-0.415188127559629,58.1510797771759,100
"Moderate overlap","Pooled unadjusted",-0.0802327602393677,0.153030860771214,0.276442183699365,400,400,0.58,0.158721609002546,-0.0877590968924956,400,100
"Moderate overlap","Population synthetic control",-0.339476053030664,0.193106820496248,0.0171988909080689,75,40.9148891606657,0.9,0.229809628886853,-0.364150853186666,39.0285519926057,100
"Moderate overlap","Bayesian case-weighted",-0.350746884176405,0.192618163983833,0.00592805976232724,75,40.9148891606657,0.89,0.234207767370101,-0.365026183449837,39.0285519926057,100
"Moderate overlap","PSC proximity-weighted",-0.393931201646736,0.273999086312609,-0.0372562577080039,25.4722938943812,45.236701140782,0.97,0.221309381423853,-0.390395076883358,45.24991694796,100
"Poor overlap","Pooled unadjusted",0.306474043616897,0.142115234669202,0.663148987555629,400,400,0,0.144291485590342,0.296554391078747,400,100
"Poor overlap","Population synthetic control",2.7793931360971,546.072948664717,3.13606808003583,74.9999999999996,1.00000000079803,0.33,8.11313491690701,-0.0193379505644178,1.00000000079803,100
"Poor overlap","Bayesian case-weighted",0.527928092126848,0.497462071186758,0.88460303606558,74.9999999999996,1.00000000079803,0.2,3.5386916945399,-0.292726060228688,1.00000000079803,100
"Poor overlap","PSC proximity-weighted",-0.545119937293689,0.620744583251662,-0.188444993354957,4.8220891322042,20.4415922956895,0.98,0.369691001747181,-0.515520061940504,20.414001960979,100
