"overlap","method","mean_est","mean_se","mean_bias","mean_sum_w","mean_ess","coverage","mc_sd","median_est","median_ess","n_rep","acceptance","n_accepted"
"Same margins","Pooled unadjusted",-0.321323709265284,0.140391897170289,0.0353512346734481,500,500,0.958,0.131024858751664,-0.318710737483593,500,500,NA,NA
"Same margins","Population synthetic control",-0.324708462131763,0.182180176707752,0.0319664818069692,75,435.940583027821,0.99,0.130340782899583,-0.324522874664532,440.404958231137,500,NA,NA
"Same margins","Bayesian case-weighted",-0.255317794669711,0.182017667700212,0.101357149269021,75,435.940583027821,0.99,0.107565436138084,-0.258708859714757,440.404958231137,500,NA,NA
"Same margins","PSC proximity-weighted",-0.374376780951852,0.162469526749921,-0.0177018370131193,59.0390370821532,65.5071157018906,0.96875,0.147678660858129,-0.372334207444538,65.5872837503009,500,0.896,448
"Moderate overlap","Pooled unadjusted",-0.0868816017169818,0.135452668775211,0.269793342221751,500,500,0.482,0.137324458639695,-0.0892497787156049,500,500,NA,NA
"Moderate overlap","Population synthetic control",-0.338544978004351,0.176954320583271,0.0181299659343819,75,51.2216551029676,0.954,0.176988527736266,-0.338225360711911,49.1585293995139,500,NA,NA
"Moderate overlap","Bayesian case-weighted",-0.261987721903302,0.175494944150377,0.0946872220354305,75,51.2216551029676,0.966,0.13940117660122,-0.264905020811792,49.1585293995139,500,NA,NA
"Moderate overlap","PSC proximity-weighted",-0.378844260647068,0.198459979540038,-0.022169316708336,41.6936362091013,52.5993815062333,0.965065502183406,0.175043392605093,-0.383429918480107,52.6487087494173,500,0.916,458
"Poor overlap","Pooled unadjusted",0.299093345380647,0.130775985801193,0.65576828931938,500,500,0.004,0.131427345880836,0.293875665679266,500,500,NA,NA
"Poor overlap","Population synthetic control",1.08284026014643,284.757917467928,1.43951520408516,74.9999999999995,1.01258794497788,0.35,6.05603828389915,-0.343203400125578,1.00000000099803,500,NA,NA
"Poor overlap","Bayesian case-weighted",0.140268773349609,0.321085546722092,0.496943717288341,74.9999999999995,1.01258794497788,0.324,2.47902772806225,-0.293743953972309,1.00000000099803,500,NA,NA
"Poor overlap","PSC proximity-weighted",-0.391742401315664,0.398506183438396,-0.0350674573769314,9.50286177362704,21.1587334525032,0.989035087719298,0.278141977429044,-0.391572944033756,20.8778238222222,500,0.912,456
