"method","est","se","lo","hi","max_imbalance","max_weight","sum_w","ess","weight_on","overlap","trial_dataset","true_log_hr","bias"
"Pooled unadjusted",-0.142256248711905,0.151795335782379,-0.439769639866532,0.155257142442722,NA,1,400,400,"historical controls","Same margins","dataset_1",-0.356674943938732,0.214418695226827
"Population synthetic control",-0.217110011646025,0.192646284441636,-0.59468979090709,0.16046976761504,9.34599260459246e-05,0.653800431093711,74.9999999999999,326.265062597601,"historical controls","Same margins","dataset_1",-0.356674943938732,0.139564932292708
"Bayesian case-weighted",-0.210799787721043,0.190793390336505,-0.576536165522171,0.155288968293148,9.34599260459246e-05,0.653800431093711,74.9999999999999,326.265062597601,"historical controls","Same margins","dataset_1",-0.356674943938732,0.145875156217689
"PSC proximity-weighted",-0.169205738733931,0.200037579553255,-0.55242580380641,0.255221351732944,NA,0.994948706236258,41.2317075426701,58.1137589516107,"trial patients","Same margins","dataset_1",-0.356674943938732,0.187469205204801
"Pooled unadjusted",-0.3269789238209,0.160902521309933,-0.642342070610058,-0.0116157770317425,NA,1,400,400,"historical controls","Moderate overlap","dataset_2",-0.356674943938732,0.0296960201178323
"Population synthetic control",-0.270669002951021,0.209207032701394,-0.680707252358246,0.139369246456203,8.02540507505167e-05,5.65691234320947,75.0000000000001,38.7901722294168,"historical controls","Moderate overlap","dataset_2",-0.356674943938732,0.0860059409877111
"Bayesian case-weighted",-0.271744695321502,0.208588914953615,-0.705791984908535,0.111461649782218,8.02540507505167e-05,5.65691234320947,75.0000000000001,38.7901722294168,"historical controls","Moderate overlap","dataset_2",-0.356674943938732,0.0849302486172303
"PSC proximity-weighted",-0.540460935767035,0.293974818074718,-1.17797126600346,-0.0100767286323364,NA,0.974195454192024,27.2890044230875,46.47582182804,"trial patients","Moderate overlap","dataset_2",-0.356674943938732,-0.183785991828303
"Pooled unadjusted",0.232154638131948,0.142927228542312,-0.0479775822211082,0.512286858485005,NA,1,400,400,"historical controls","Poor overlap","dataset_3",-0.356674943938732,0.588829582070681
"Population synthetic control",-1.04943818821836,0.251810917428163,-1.54297851729155,-0.555897859145171,0.695842767996886,74.9999999700727,74.9999999999994,1.00000000079804,"historical controls","Poor overlap","dataset_3",-0.356674943938732,-0.692763244279628
"Bayesian case-weighted",-0.969248038699939,0.178789954760864,-1.33666007311772,-0.636100532554882,0.695842767996886,74.9999999700727,74.9999999999994,1.00000000079804,"historical controls","Poor overlap","dataset_3",-0.356674943938732,-0.612573094761206
"PSC proximity-weighted",-0.691192086511663,0.65200248024593,-2.32908049293746,0.308220433537433,NA,0.28053323192821,3.53549466768167,27.3593380953019,"trial patients","Poor overlap","dataset_3",-0.356674943938732,-0.33451714257293
