"rep","accepted","calibration_hr","est_g","lo_g","hi_g","sum_g","est_j","lo_j","hi_j","sum_j","est_i","lo_i","hi_i","sum_i"
1,TRUE,1.00323629338133,-0.341617107134939,-0.638612281080186,-0.0256520829346777,57.0190961854546,-0.369121883595837,-0.776111403752079,0.0173340185781052,41.7808947337599,-0.361444221157447,-0.715534942378469,-0.0620192254799544,59.4670382604249
2,TRUE,0.892097596167931,-0.557601091513954,-0.889049233208603,-0.254906084190802,53.1873109164742,-0.545374348628953,-0.916071345284372,-0.166495848263526,40.3906664070764,-0.528706581807045,-0.854237966173782,-0.265526208838684,56.5489040378758
3,TRUE,0.883382972304877,-0.644463791483845,-1.03329603076044,-0.302616137973247,57.5666765601724,-0.599774226091028,-1.01552380206692,-0.220171770970854,43.1802864586929,-0.545514870759186,-0.884487082177664,-0.253569174950102,59.9267833402243
4,TRUE,0.915240421418952,-0.469464468521706,-0.837809914527312,-0.144284297250589,53.0462029326875,-0.480486643233158,-0.897763917040282,-0.149771211061884,36.0215117299997,-0.538817278333443,-0.858672605601715,-0.19605216601101,55.7504328830724
5,TRUE,0.870687293061568,-0.544490231607584,-0.927820611723013,-0.242887779778002,60.709033105271,-0.559624595996175,-1.044695917893,-0.190499579455582,46.1178886152083,-0.567419494355822,-0.964753589039739,-0.28345129760422,62.1310024135594
6,FALSE,1.33249999109496,NA,NA,NA,NA,NA,NA,NA,NA,NA,NA,NA,NA
7,FALSE,0.773764812429461,NA,NA,NA,NA,NA,NA,NA,NA,NA,NA,NA,NA
8,TRUE,0.860951774883458,-0.377491398310283,-0.655520353843361,-0.0427179413288015,56.8844821026241,-0.396062873384746,-0.758924033959506,-0.0291022317318975,41.6194731743769,-0.335550947634367,-0.653340870934562,-0.0418611414104314,58.9276241997476
9,TRUE,1.07164669041916,-0.204596722715628,-0.523813132497524,0.0983702266304783,59.2482440720743,-0.284393909995146,-0.670714434323799,0.0762684686501849,42.4505237075979,-0.271544820732029,-0.565615305941995,0.0200368762059645,59.2082962011962
10,FALSE,0.772474900093794,NA,NA,NA,NA,NA,NA,NA,NA,NA,NA,NA,NA
11,TRUE,0.843511810740366,-0.326493813578131,-0.658533052194535,-0.0192201444470453,54.8012539883675,-0.272533461347036,-0.678942556179256,0.101363203810399,38.8954056645903,-0.320760940068802,-0.673446172522539,0.0186984559411769,55.3598012208269
12,TRUE,0.98139777743501,-0.415447328060857,-0.767163863029436,-0.103589116402681,56.8185881095278,-0.450890865065895,-0.937177892965445,-0.0657221164329823,39.4339003038873,-0.428789747030894,-0.771529010176812,-0.119567158819453,56.1739829930658
13,TRUE,1.14863089411621,-0.547538540371102,-0.893398728888355,-0.216566258154406,58.362901615812,-0.646648290201263,-0.986071510012349,-0.242541349526895,40.3175474435795,-0.568554789964214,-0.909208399058155,-0.251169815253947,57.7856457383893
14,TRUE,0.838815275887273,-0.266329125415114,-0.555902040048496,0.0433896143127517,55.0000430435119,-0.360260802969434,-0.754428260294017,-0.0117885885071802,39.673624400745,-0.319631448597311,-0.618890399230091,0.0321405824011314,58.9057975044586
15,TRUE,0.981777360238794,-0.498843771367475,-0.843150131775348,-0.229964133467764,58.9627114366922,-0.464210414210322,-0.810629174049891,-0.108854746698928,44.4922322832612,-0.484417449102029,-0.785287139807838,-0.158071002659546,61.3676788119983
16,TRUE,1.09411378408759,-0.417994376972106,-0.782906790590655,-0.12155052937711,56.9213601802929,-0.469704889872683,-0.875457983340395,-0.101906108468156,41.2076901863249,-0.470082475497647,-0.841074698783346,-0.152798358091873,58.2597260340727
17,TRUE,0.87440376737318,-0.17749527807041,-0.452195425582979,0.154768500331523,59.9805251852665,-0.0732553403197146,-0.389650694096329,0.212211836110396,45.1106513859433,-0.102287683453755,-0.377752176418862,0.175266331837859,61.6115057321512
18,TRUE,1.13572989130137,-0.284085256101996,-0.58436309184938,0.00515633581500862,58.3339073970047,-0.276079157753384,-0.714663899231684,0.0667326534960582,43.4804456307336,-0.260485667174626,-0.568669370359566,0.0398581392973919,60.9891183033511
19,FALSE,0.778736796245501,NA,NA,NA,NA,NA,NA,NA,NA,NA,NA,NA,NA
20,TRUE,1.09778268121793,-0.343000491081939,-0.754356677002507,-0.0549672018200105,58.4443199992416,-0.343508423134855,-0.708751493958033,0.06483213336658,42.4374959283656,-0.365386127410479,-0.730972675552709,-0.0947806670347809,62.3377652636909
21,TRUE,0.953360247388177,-0.344531834260707,-0.672453161218793,0.0274422316645572,55.3589790314361,-0.340512784996089,-0.698020699882013,0.0457232899363436,45.0329996445736,-0.36846320591257,-0.627852895081672,-0.0354533730915623,61.4747329334054
22,TRUE,1.0751939719733,-0.304944639501504,-0.618569090281989,-0.0024750216007945,58.8980346177347,-0.202376712690454,-0.559506742538561,0.174945983859694,44.6644650744147,-0.209739302595991,-0.51693025547249,0.0702651366170487,60.1012132550691
23,TRUE,0.916916320287791,-0.140393843150398,-0.490803806216519,0.123028573128582,58.0805910888036,-0.213827023940026,-0.595643274636254,0.154897249585741,38.5889511524468,-0.18427411901458,-0.474867741094659,0.13994184227953,57.4415949160908
24,TRUE,1.00399221136479,-0.306301207710551,-0.645706236098241,0.0410737950154224,55.6754034527217,-0.258465402250154,-0.622088630751382,0.0681881650334178,41.908417796323,-0.279159159130628,-0.605451176449595,0.0434548740013127,59.2832007078203
25,TRUE,0.816812566045966,-0.428550352306853,-0.790291209620828,-0.0691410077633266,57.2637539610988,-0.354916307459616,-0.717001380818472,-0.0204706870815207,43.599057968779,-0.358196699626681,-0.744236056986219,-0.0271979091956446,62.4316596853879
26,TRUE,0.978765962457567,-0.342234767805941,-0.669230031747592,-0.0302562565516454,58.3133482890147,-0.371190809522842,-0.749975611577654,-0.00437594660288297,41.3618501770092,-0.342163753899074,-0.634906542983585,-0.0215359806024937,58.7492331920866
27,TRUE,1.00809812950276,-0.334793256231498,-0.612984375649379,-0.0381316181947594,56.6254986399121,-0.378263847626022,-0.701219220726643,-0.0258705895159458,43.2287519072174,-0.341188448102227,-0.64721171976411,-0.0383209227143243,58.2537378621358
28,TRUE,0.962193803894899,-0.516358210084431,-0.875342828977696,-0.17830342776072,57.0906183353801,-0.528619625723131,-0.919322373910565,-0.195984587345512,42.0424837118359,-0.556190052605184,-0.889476475244195,-0.203511951140949,61.0361579037898
29,TRUE,0.833637382405036,-0.624730137684519,-0.967935786390698,-0.302467656103237,54.8705460239302,-0.652616023698655,-1.02656559031771,-0.263669585660873,40.2334958492592,-0.616942343247642,-0.987881740375979,-0.299158707919254,59.95725475435
30,TRUE,0.862451018235408,-0.622457363003153,-0.999900537844024,-0.202903612271052,59.6380048963211,-0.478000951423156,-0.897897727225075,-0.105646121711366,42.9872457602004,-0.570369750739811,-0.926338172465339,-0.264034550281256,60.9482209340878
31,TRUE,0.924777906686127,-0.420958369576008,-0.741621501885082,-0.187196696578015,57.9749105415671,-0.379482564310208,-0.812965124850843,0.0202645085949375,40.9963947378553,-0.403685365578095,-0.747927688664666,-0.125013261237906,61.5863569504765
32,TRUE,0.823592147428599,-0.330068301185309,-0.69749474240372,-0.000318341078891289,54.9363700085092,-0.277677202475572,-0.724338414819351,0.0735291362447861,42.8562234213267,-0.274084676815308,-0.62443644191038,0.0571309708599698,59.4351768162641
33,TRUE,0.916335737340874,-0.2936534472445,-0.679044129717542,-0.00531943095463475,57.2332326045153,-0.288676415118865,-0.684207002703452,0.194569865914305,39.5277358158839,-0.287337229715604,-0.653688901149357,0.000451939095679772,56.6696244291472
34,TRUE,0.952558342123943,-0.391158364941594,-0.748857139885738,-0.0343225127475,57.6061197515553,-0.364630588596243,-0.770776134661349,-0.0382763206421385,42.2923008590822,-0.388232267264696,-0.73241994890229,-0.10121739169295,60.0925742325816
35,TRUE,1.04304099272968,-0.637638841598094,-0.997162796169748,-0.321571132414441,57.319636324025,-0.596671666710746,-1.01724196078655,-0.247078602961411,40.7195208059588,-0.604620903416198,-0.952746721545946,-0.344282040941615,61.6365177654505
36,TRUE,1.02889984552923,-0.498242266832227,-0.780824414215762,-0.127548305347824,58.8204468090333,-0.512017843340568,-0.946497476746367,-0.050977944146556,43.914493397207,-0.480728115852782,-0.834951678824292,-0.118910350810193,60.8787831834477
37,TRUE,0.824353626370787,-0.38773479248278,-0.726177298721573,-0.0787308423079223,56.7891057228288,-0.419917042023081,-0.817581133090945,-0.0364779969959744,41.3687573387353,-0.372236920532029,-0.627040091968622,-0.10566128971299,61.3534357360865
38,TRUE,1.00804729665703,-0.633840988328924,-0.971753805865733,-0.278860954376487,58.4349871227426,-0.716633477056984,-1.15019054101355,-0.370338324915088,43.5294620308178,-0.726619122522056,-1.08402064513322,-0.421586299223104,58.2118964420971
39,TRUE,1.04526735543377,-0.557206036410503,-0.878821433965475,-0.265544725920706,59.965751901627,-0.559872412107065,-0.952313407816176,-0.249628444123271,41.929023408191,-0.538493364784321,-0.895362030770154,-0.245272072191867,58.5020896741798
40,TRUE,0.895714102280706,-0.260964072012024,-0.631442632184167,0.0609280176414344,57.8646558631632,-0.233032049248145,-0.579683862154511,0.135198512634188,40.4391596472723,-0.304087984274275,-0.595552690923914,0.00631870285625357,60.8432339985312
41,TRUE,0.896523433847498,-0.554474659642214,-0.874459002603551,-0.292288108837237,60.3235709328932,-0.533418523174879,-0.92969543241423,-0.0928194978595026,40.3179305962981,-0.456659051028111,-0.828766325319643,-0.124830168514825,56.0767338690299
42,TRUE,0.892898349111739,-0.349490735632908,-0.730802121845653,-0.00638832131882472,55.0851742821937,-0.395832727899162,-0.85568871833793,-0.019522688609866,42.3461697134588,-0.380097623814827,-0.795568327955354,-0.0462721033137103,59.8341559263994
43,TRUE,0.95140947030337,-0.388180085133602,-0.682111828318513,-0.10191172517128,58.336072908443,-0.417739272513665,-0.829973380915912,-0.085213103062531,42.9103200001169,-0.309820090933543,-0.644056528898574,0.0149904816829844,61.0155952454089
44,TRUE,1.07744108455072,-0.510355215062619,-0.870958098135091,-0.179407861168407,56.8897888408826,-0.482852129162162,-0.845782213986243,-0.144301720261176,42.1160424948869,-0.495501106420566,-0.798879945497407,-0.212124648440951,61.1237825498751
45,TRUE,0.868443229784916,-0.410043918452109,-0.749584232363736,-0.106047598837166,56.8053639475125,-0.414723491240645,-0.845003368814042,-0.0745599050138054,37.8935839290778,-0.432059724186366,-0.736173880504748,-0.0962965448435117,57.4092977714215
46,TRUE,1.19767396750728,-0.5118980364416,-0.849542048799119,-0.212919187218983,56.6345188803548,-0.546699067705368,-0.952863042684038,-0.158694248737262,39.2809502740273,-0.507164807819348,-0.889342460272565,-0.268185408911466,58.9470931671471
47,TRUE,0.97494678149792,-0.192828579750072,-0.464262880359464,0.0736198026091516,58.9002000402028,-0.110457861540835,-0.462913209814737,0.156224488866793,44.8365090291778,-0.156497608786726,-0.495465181639847,0.122594501190782,62.6250055658706
48,TRUE,0.934447648017867,-0.519700458084899,-0.851581365895133,-0.226219724597906,58.3290848374189,-0.545999982451333,-0.956035292359033,-0.225745111950108,39.1270171878976,-0.548360936665247,-0.847976882871587,-0.241985551274465,58.3077866812554
49,TRUE,0.882614481766177,-0.390047631967269,-0.747781415508303,-0.048283242345465,56.5955374632329,-0.322472679263741,-0.717409846532865,0.0373627966374505,40.3836750447628,-0.30078998830873,-0.660336627871736,-0.0114128950556228,57.9503021606719
50,TRUE,0.93761320095637,-0.291072439865308,-0.622240083448554,0.0328356236728887,55.6848042864203,-0.297534024312193,-0.643629831405774,0.0707332620821867,43.0780300240619,-0.256369264374248,-0.630775590753993,0.0441430961231109,57.1029671498725
51,TRUE,0.947035368444489,-0.209900045675587,-0.528609919058967,0.103527756272213,51.9413028232096,-0.154562525430657,-0.508282689580553,0.252396758649974,36.8377579591444,-0.153869327603964,-0.460672555770209,0.154404315923255,53.9427106396951
52,TRUE,0.975678116944449,-0.586649341727345,-0.983243243077262,-0.283149662792864,58.1988394044959,-0.571062298274362,-0.96532943405945,-0.25119191589548,44.749277541832,-0.558765555600633,-0.941729480532974,-0.281458898369016,62.5876687505113
53,FALSE,0.781405357170628,NA,NA,NA,NA,NA,NA,NA,NA,NA,NA,NA,NA
54,FALSE,1.37677230317757,NA,NA,NA,NA,NA,NA,NA,NA,NA,NA,NA,NA
55,TRUE,0.94182599594677,-0.357850633086153,-0.647744394646307,-0.0216031664147328,58.0131681857864,-0.251265563028769,-0.681633955016097,0.156391369126813,38.348624269511,-0.225498812794719,-0.586263530783706,0.0540632382052464,56.3808699083696
56,TRUE,0.972842817626136,-0.30996236349654,-0.672189825056961,-0.0465296339099926,55.5405765331172,-0.350182607506148,-0.73369211426097,0.0271516040696036,39.5923988358861,-0.334739822000451,-0.732592739027004,-0.0361746165174262,55.8274962394861
57,TRUE,0.964109825242055,-0.320843063218341,-0.694108650609434,0.00351405636621944,56.7537088080425,-0.253505381062348,-0.661161424801015,0.1043813598266,42.3594529879836,-0.253401811173336,-0.572446876111769,0.0155501956394389,59.2431239418853
58,TRUE,1.08885920548603,-0.581014556872742,-0.891996896497874,-0.258024262651556,59.8789963158016,-0.594621959254716,-1.04675479363767,-0.216899368696164,44.6445614891591,-0.577278509686892,-0.953400331782183,-0.270917616371988,62.8143115353659
59,TRUE,0.851861039290672,-0.536440983521382,-0.857520930279405,-0.181995735061104,55.5091564005705,-0.534298482172363,-0.913054691476862,-0.205740410233186,43.3761017247805,-0.535072059182488,-0.915642320334231,-0.201786485304755,60.5560700167659
60,TRUE,1.11096555629594,-0.44753715096709,-0.835889729789321,-0.133752442614627,57.3411283308946,-0.508626490621048,-0.932445016403768,-0.136801920914034,42.1262973374248,-0.462701288208078,-0.827062928148259,-0.0967718172602414,58.5084267492527
61,TRUE,0.814015530656855,-0.533724509754635,-0.842347972251367,-0.211662034582336,56.4497675242233,-0.550401316206571,-0.90014160034977,-0.158234993455664,45.9358022646212,-0.534992956589943,-0.897048127912133,-0.26510744750081,63.3738882154041
62,TRUE,0.988238391812599,-0.2580412078838,-0.712272656447586,0.043300448043742,54.9999349547104,-0.179006645718987,-0.565745298482869,0.188199074710312,38.002310647606,-0.188455101216224,-0.488113945778644,0.121170420584761,57.4636309380433
63,TRUE,0.967474904634663,-0.326997777227089,-0.696384275246223,-0.0130387726936131,58.5914927360334,-0.331003398361346,-0.753248519744773,0.0509175515314669,39.4944606683592,-0.401986195446317,-0.779458327262331,-0.0704834783091002,56.382579266526
64,TRUE,1.03981973466709,-0.260304886953318,-0.616649124171535,0.0379737485367794,58.7846397785424,-0.20550628105052,-0.588131733884456,0.193451480788905,41.2828477562957,-0.197617641241393,-0.561848590966094,0.10540609668072,58.2603467562216
65,FALSE,0.770785725527059,NA,NA,NA,NA,NA,NA,NA,NA,NA,NA,NA,NA
66,TRUE,0.900726728030804,-0.276722880223871,-0.586032301908439,0.0385597400871476,56.4642560451162,-0.224076489388902,-0.621310410340017,0.098532275594322,40.8432224958774,-0.2653570545886,-0.545030096439354,0.0250653156324301,58.688107575677
67,TRUE,0.964559829243956,-0.177617292926932,-0.513805975096653,0.138724853175881,57.1038263359889,-0.123658052015583,-0.485538446596646,0.22578069906933,41.1106773341363,-0.132563155609177,-0.43025560262285,0.143589791057847,58.7773995426786
68,FALSE,0.689035696363179,NA,NA,NA,NA,NA,NA,NA,NA,NA,NA,NA,NA
69,TRUE,0.803289032408895,-0.0561890543221735,-0.408209229491956,0.213757077329075,54.2985226641799,-0.116789407570769,-0.498214122309464,0.248146430915606,39.6986368839899,-0.121685519414571,-0.421377654352693,0.200081049989026,56.5414718309006
70,TRUE,0.930144652015041,-0.328535980333073,-0.748558025085044,-0.0445173652606646,53.7884477023914,-0.306618046561983,-0.739851358443102,0.0796381053530899,40.4277086699628,-0.316200008211351,-0.685408331766849,-0.00957344288490863,56.9895854910781
71,TRUE,0.973795857046726,-0.410023743310596,-0.707364145424956,-0.10648238815496,56.614265193257,-0.412683399339708,-0.768348081312952,-0.0626972713074382,42.8804345002604,-0.386759308059935,-0.703182988117551,-0.142340086232297,60.2706674505101
72,TRUE,1.06502241107907,-0.122845741495367,-0.463395806384889,0.229244355104632,56.5512693534133,-0.00177247870125531,-0.422337254430166,0.299501007098865,42.7774953807304,-0.0568592660583203,-0.378983920981535,0.241349440206408,60.3085842252076
73,TRUE,0.866311535187467,-0.392631574097575,-0.740581236609564,-0.067288601829477,54.6113601631276,-0.319306763352066,-0.72244375624643,-0.0488197696936079,42.2604419616913,-0.372941659681709,-0.710109618773356,-0.0301129502171966,60.5570346383207
74,TRUE,0.831573191288793,-0.126242253815663,-0.433590258369116,0.19747047272575,60.3713817823688,-0.194338655050787,-0.606458905591721,0.150312793162524,42.907992193435,-0.21431744709484,-0.518551370383611,0.0858878022135702,61.0821610242953
75,TRUE,0.973593081879015,-0.420056367745823,-0.75068989407803,-0.109624265498525,57.0271261633668,-0.313452535127748,-0.701925746544919,0.0870016530525609,40.4863054878669,-0.354894312149669,-0.711983070599858,-0.06564517346316,56.9510035205114
76,TRUE,0.987315836090714,-0.273791146427959,-0.587594236741415,0.0322788213153569,61.8258614410031,-0.255867835504624,-0.639462304770067,0.108281383518895,45.324284895255,-0.253604172593985,-0.566006088365522,0.0196860606187232,63.5872204187295
77,TRUE,1.01588271551014,-0.574106712793943,-0.916677353632248,-0.23799482863354,54.9941350267736,-0.60210676793657,-1.11840790733445,-0.286077329744216,39.3901194581382,-0.574962548474517,-0.813010270621647,-0.303816775778911,56.2702600009263
78,TRUE,0.914203167790429,-0.577450284201466,-0.939667414076822,-0.252650371828735,60.7506735438696,-0.478680901851439,-0.867032293617487,-0.143392124989601,44.3272859442864,-0.539898954846838,-0.898466655325128,-0.246726598337928,61.4943379040193
79,TRUE,0.961841223875858,-0.39424907709307,-0.701813203817873,-0.0903543267772719,60.3731160945947,-0.411898186999343,-0.731707506485547,-0.062410711904495,48.425363414939,-0.409973312865348,-0.688433817215398,-0.0983167047877232,66.4995135025575
80,TRUE,0.872529406127831,-0.521843697732184,-0.827226101322873,-0.220104604850653,57.6747178472016,-0.607678041338279,-1.03028312878812,-0.269869994538212,40.2082070574236,-0.557722646516132,-0.924308829627663,-0.281018541197778,57.7797291997399
81,TRUE,0.908017146553009,-0.17747627408219,-0.444529581348116,0.120544646567003,62.23535613064,-0.0615878659281037,-0.465354100183862,0.306567536861126,41.664512192993,-0.116626189372791,-0.434113884795214,0.206160429106493,60.2165105046132
82,TRUE,1.00233854433334,-0.240667807359423,-0.591246108906612,0.100506060053223,59.3835519127522,-0.26420665701266,-0.671684291589699,0.034483543497195,44.8426928738993,-0.26383913303544,-0.623920020669121,0.0506804979237597,60.6325515739928
83,TRUE,1.09224675227846,-0.307503598235421,-0.649180297751742,-0.0150282087353435,57.4929803517403,-0.325588917147812,-0.730167644074995,0.00619847880875268,41.6623857592989,-0.289081614948648,-0.646912281397626,0.0207740756344927,59.563861747107
84,TRUE,0.975861051258212,-0.151228217967207,-0.531544149986181,0.145895902223884,56.077118268454,-0.0979669207365281,-0.478310040289518,0.206450876513293,41.54379019069,-0.10755288963044,-0.451347199659669,0.206626466326554,56.9533596707647
85,TRUE,0.962308390018708,-0.30237618804724,-0.641891734654438,-0.00503582312731593,55.5886701329641,-0.2239322400985,-0.684270876920673,0.146137417630878,39.9345342034581,-0.232808574901382,-0.575965667454779,0.107472203246074,56.0363556402709
86,TRUE,0.820252173772259,-0.3420059461861,-0.638204465720377,-0.044044606374277,55.0373087880971,-0.274606181796768,-0.719842829589193,0.098962237660647,38.770199298968,-0.306847088122789,-0.711223558379315,0.0800789057716022,54.5146069034553
87,TRUE,0.90027895920893,-0.398517335176594,-0.690949566305258,-0.0978964602115134,58.7334356657642,-0.450531409762671,-0.788857338237072,-0.0870976959962435,43.1410145071209,-0.391906791615319,-0.741351869510692,-0.119132899747193,60.5278187332953
88,TRUE,1.09140329487826,-0.390371913226383,-0.663921296114803,-0.0526119573746299,56.3944300152055,-0.362327375041042,-0.773637415780013,-0.0050504123119466,42.8416656570631,-0.375591509446309,-0.723894643772239,-0.0788021856163651,59.1516880487306
89,TRUE,1.04486722649867,-0.448464306604199,-0.783587860056032,-0.157026950229268,56.0259063677101,-0.405228779700712,-0.831034114352723,-0.0750805715105328,39.1191062198664,-0.428796077219239,-0.770204469878812,-0.0838838550346085,57.2577439630612
90,TRUE,0.955373054341267,-0.335492580155062,-0.688918478507267,0.0151836718656035,55.0159654308587,-0.248301184617791,-0.648166360823512,0.11151095785689,38.560559941886,-0.271478500445236,-0.640102121993471,-0.00315656760927714,53.9407349774873
91,TRUE,0.929521566515101,-0.578450757199625,-0.960430576718018,-0.302624579799487,55.3594923938404,-0.535868257835364,-0.959524432307573,-0.228918758249396,44.7737723204901,-0.538359876218707,-0.851868999030794,-0.26799514340446,61.0741481272723
92,TRUE,0.811459424853336,-0.0855190754301737,-0.386863029613817,0.181061413820727,56.7454010458906,-0.181528505467842,-0.559257384374975,0.184033035327425,38.4882491608513,-0.166294364462118,-0.493696831522369,0.127195186782443,55.6416773652392
93,TRUE,0.852598159113256,-0.391962647585798,-0.723011216962498,-0.0885816329518264,57.3105159869994,-0.348018045354263,-0.741934644578651,-0.0122724045072477,42.5611932345059,-0.366954834584004,-0.715389078956122,-0.0642586741548164,60.3742136509869
94,TRUE,1.06903966221202,-0.443384666127642,-0.779544208197218,-0.152919235864379,57.4982170515618,-0.490381853765787,-0.844359235257383,-0.17682870492405,43.4609975670453,-0.489498355682949,-0.773981992430304,-0.19038149887466,61.007143321744
95,FALSE,1.22030403831495,NA,NA,NA,NA,NA,NA,NA,NA,NA,NA,NA,NA
96,TRUE,0.972897305548099,-0.317272865300627,-0.622206541205019,0.00439125015765856,52.7593779496725,-0.244080597876804,-0.7458959650418,0.0446534950601115,34.4610423270911,-0.291575703648407,-0.621434802514415,-0.00261223866862422,53.9976719639258
97,TRUE,0.912495192793922,-0.353514722709365,-0.658879246813677,-0.0781014368731754,57.0645834897977,-0.319532838286082,-0.732579319508663,0.0256889255863044,40.7892207870275,-0.289729171342626,-0.624400604674558,-0.0127594270426793,60.0169355732198
98,TRUE,0.982693664168961,-0.459520946649284,-0.749478311912496,-0.15683532945569,55.3293364224204,-0.362249900906567,-0.763237423363072,0.0449654079465122,41.2114583147507,-0.377825261603354,-0.716152915327255,-0.0949080639234969,57.5747387977558
99,TRUE,0.976170311431101,-0.395528521784207,-0.723761579954617,-0.104133399431294,60.086148189376,-0.360323598476031,-0.744797340905302,-0.0416220203408934,45.5654588215472,-0.346821956662301,-0.658179803012544,-0.0495540755940968,62.8725820643434
100,TRUE,0.921957118089563,0.118241248722946,-0.18398012224296,0.402322079276213,55.447853406338,0.157349062602194,-0.219781479840554,0.459756549347728,42.0793268725668,0.173796275556414,-0.14936477253234,0.415999351485226,58.6570443211199
101,TRUE,0.982925645070598,-0.567999903153886,-0.967967576659805,-0.212132669765483,58.5620138161907,-0.525520227115326,-0.991553166208254,-0.132167347491207,43.3258630356595,-0.546634154148432,-0.906426101787744,-0.177895209494027,62.1303590974358
102,TRUE,1.15985125669986,-0.582335596237541,-0.91266635121829,-0.23756647174061,56.8429124611541,-0.522600584525739,-1.00110449162069,-0.195974591436293,43.0285052411148,-0.541222902522756,-0.86900380429965,-0.236710223384907,59.7728212237289
103,TRUE,1.03073886427,-0.399416803074481,-0.755050931666917,-0.109313280036866,57.3194919723913,-0.453982934239455,-0.832054990140595,-0.0958463528481554,43.0386580863448,-0.42143162455121,-0.779459728266462,-0.134684074618246,60.8086098030824
104,TRUE,0.883547721992694,-0.349520764390568,-0.689944546647731,-0.0226390040286517,55.8366273859362,-0.377512444487011,-0.756910265801245,-0.0326155043118875,44.1638601766071,-0.364073148458919,-0.733254243795335,-0.0549129847915842,61.5475050531617
105,FALSE,1.21073067472978,NA,NA,NA,NA,NA,NA,NA,NA,NA,NA,NA,NA
106,TRUE,0.863394193757647,-0.400291329232858,-0.773880139438323,-0.0504321550839999,56.7824174851724,-0.468721972328311,-0.935569471070316,-0.0896961602328633,39.6751394351449,-0.414555364634641,-0.709760378640751,-0.114416195487649,59.9427711986809
107,TRUE,0.881135817346369,-0.38087843337628,-0.70986237496542,-0.016769935831063,56.5760003540813,-0.390634434812208,-0.746219083610426,-0.0658573267827028,39.1684356296816,-0.365678713697525,-0.680144609215449,-0.0282048465079735,54.3250583694124
108,TRUE,0.820690663181352,-0.22395091213943,-0.506653387980915,0.0999080105626412,58.8876324116779,-0.31183608462768,-0.632428813704184,0.0911402758918982,43.4798246010953,-0.24592898959516,-0.544143694705914,0.0270187250774761,59.919939309959
109,TRUE,0.947782044119149,-0.422534899261472,-0.762617554630031,-0.09895160801472,56.2163090276944,-0.525915665221231,-0.932864424140024,-0.215638105203348,42.2586042839828,-0.46052279393177,-0.846303420773991,-0.211787655455522,59.6887743861269
110,TRUE,0.859895189951789,-0.184388898981668,-0.467158180895613,0.104075106709524,59.0954245335832,-0.163827491582916,-0.586223430027183,0.194347566002578,43.9376764258137,-0.173915075182712,-0.486022158531258,0.112519274966259,60.7900596212596
111,TRUE,0.901142717981251,-0.281341445391331,-0.604531076368761,0.00306655040142376,58.2684437052767,-0.249759240534094,-0.637134251894795,0.13057429136814,40.3922977801251,-0.250842088454255,-0.572585264475018,0.0450277492194831,58.9436275901771
112,FALSE,0.726522104306111,NA,NA,NA,NA,NA,NA,NA,NA,NA,NA,NA,NA
113,TRUE,1.06295860595887,-0.425337132787593,-0.754849050393864,-0.0788935837826461,56.5521387961238,-0.304017969506847,-0.676657781010072,0.0634683102648101,42.5170340769227,-0.342962418892171,-0.68255921760591,-0.0435794329353094,60.7329123526589
114,TRUE,1.00981240295252,-0.565137036399239,-0.912429115916945,-0.230858938314751,58.5769741190244,-0.614323055735816,-1.12804935182561,-0.221107316547805,44.192544806782,-0.601040884252958,-0.870544780201292,-0.28379159223828,58.9409034053986
115,TRUE,0.895221424167274,-0.27125935879292,-0.589875876680921,0.0635567626497812,59.231996394307,-0.296789681762846,-0.660462393090401,0.0443333512551527,43.7376595219851,-0.270393276198846,-0.627994941603583,0.0783885071458564,61.3711978290648
116,FALSE,0.792091662792146,NA,NA,NA,NA,NA,NA,NA,NA,NA,NA,NA,NA
117,TRUE,0.826995598692103,-0.31007637575501,-0.618316641091051,0.0122290075873351,57.8799978429436,-0.371898942577673,-0.764438515442467,-0.0484377483532131,39.253038854315,-0.366054320073957,-0.704688868640654,-0.0875103126037236,58.7739445473483
118,TRUE,1.01720952678868,-0.3216299798075,-0.713891709647809,0.0033465101276005,59.2577927460274,-0.200425887625902,-0.631105529467675,0.094123132272968,41.2089021578993,-0.309961141105453,-0.622095325813262,0.00250656591202189,57.5595744207715
119,TRUE,0.822990652872972,-0.394534869743471,-0.724550883336562,-0.11443968241441,57.6272976477433,-0.411918960015367,-0.756954521813872,-0.0703944728155297,45.9323771307919,-0.421161113857631,-0.760265752711847,-0.0754239922568843,63.483293350926
120,TRUE,1.0934076614277,-0.588321909898517,-0.90510677255421,-0.190695379256232,56.6514069369808,-0.559678932736263,-0.900284103019348,-0.105617789899716,41.6151187633696,-0.547999932981196,-0.911955849428047,-0.184148324053684,59.5271254595402
121,TRUE,1.1074271082295,-0.462144379076752,-0.832594696714992,-0.124302091108697,57.7426853895208,-0.410674233507128,-0.883492369168388,-0.0519560763539695,43.1921623539154,-0.470220521499365,-0.741559219753598,-0.145371823891626,61.1643046027914
122,TRUE,0.980578172115529,-0.422950128002775,-0.765135301648542,-0.131279132520551,57.5138406623289,-0.425369735539077,-0.83934511290684,-0.139470777036412,38.8102294630183,-0.47406850427051,-0.86038967835806,-0.182497349765729,56.5374730750289
123,TRUE,1.09720298382763,-0.396435977075568,-0.733554769371648,-0.124499706549215,53.9770422355003,-0.477635054435847,-0.879748432756182,-0.119592852041326,38.626602036718,-0.468205637006868,-0.84995511450825,-0.182362658851267,56.3981263555833
124,TRUE,0.826867572330829,-0.200221382407796,-0.510892011948557,0.0957929466405112,57.9687975717849,-0.22874237656684,-0.615433525441248,0.139938528664893,42.677047936603,-0.231976218358946,-0.538734472131393,0.105497488185004,59.3253243024362
125,TRUE,1.04032954368927,-0.439347382573398,-0.774135351125042,-0.145687063769788,54.7555362735822,-0.381509495229222,-0.837261053529678,0.0698643041074906,36.8408481178013,-0.42616153149326,-0.75458244968624,-0.0755315850930354,52.7987208897077
126,TRUE,1.19167402375969,-0.159543294878696,-0.435720619014264,0.157905378271843,57.5925671655836,-0.187114259829256,-0.518516095788091,0.12086445948939,40.4944373511983,-0.149089704686025,-0.476951841886427,0.160169163410701,57.8344532219483
127,TRUE,0.953390988053522,-0.46230484874821,-0.838201965847021,-0.144017733529757,59.1353219195328,-0.357832176175882,-0.669003552830394,0.0461449544827224,45.2386583373864,-0.336182959685659,-0.624414958062083,-0.0440236905634543,63.9225191440375
128,TRUE,1.07522884251366,-0.247371637123404,-0.594364605325092,0.0696410977488778,54.6331764512772,-0.34390380370587,-0.727682183867381,-0.0356067781815686,41.7666423470331,-0.35849216531902,-0.707740875379363,-0.0975088310313068,59.5088171764021
129,TRUE,0.853288865369416,-0.365774354609975,-0.750833648427288,-0.0766474745520628,57.621548177211,-0.321699909870101,-0.748967418704269,0.0272908738940285,41.3800377574944,-0.323278130117222,-0.671268155873549,-0.0584201881814932,60.5496865444633
130,TRUE,0.913690752967878,-0.532391061971997,-0.907486680557256,-0.194114076689924,58.6312836516807,-0.492196262371341,-0.942782581752482,-0.149751701432152,41.5362951188184,-0.527236440660628,-0.874637114977772,-0.193423908596688,58.663283385244
131,TRUE,0.908534442780847,-0.52686635141564,-0.841863085553795,-0.130091925256802,58.6087187903122,-0.544457702865894,-0.980689926080705,-0.206339982758944,42.8149122868465,-0.525349144731911,-0.835425783867975,-0.213913122630859,62.219596420779
132,TRUE,0.8710746954397,-0.386851791867187,-0.735081510867629,-0.0716701708593612,53.7938818118746,-0.327415235210768,-0.793688573848493,0.0907904257816846,41.2971697609533,-0.384846047537343,-0.727280300459809,-0.0212421138837098,62.5268499431962
133,TRUE,0.82784454179351,-0.354601677472397,-0.684286835784984,-0.0924039059443628,57.0302229751743,-0.267119660383942,-0.625452503144779,0.0616535611001314,39.0163240601386,-0.282000678955652,-0.639428578262699,0.0701088666609256,53.9585218207015
134,TRUE,0.925591285342685,-0.541219337977177,-0.878020264291389,-0.237543065928453,53.4255751135696,-0.596563874285885,-0.990339916716174,-0.199936031847128,37.6696702820647,-0.587840405341441,-0.962067595593496,-0.275579963397662,56.1822727861956
135,TRUE,1.12199398566802,-0.565620554416345,-0.93690947155751,-0.28681261992767,59.0973521897528,-0.590633547275781,-1.04752646943821,-0.210401853997376,40.248049595359,-0.575271004454239,-0.990960429422121,-0.295363610716152,58.2660574845766
136,TRUE,0.87703161901943,-0.275110577776522,-0.579151688878131,0.0779271039325056,56.1576390307901,-0.198136751491204,-0.594592451802029,0.157570708387102,37.5616382929687,-0.206620681893972,-0.510650049815112,0.085327701713916,60.3759623710225
137,TRUE,1.04836255333184,-0.609876491182475,-0.942136155664732,-0.343373616174208,57.5592253016736,-0.582173705582075,-1.01177336000781,-0.160785308239992,39.4044204763257,-0.596850815144761,-0.951167120311368,-0.246343893419188,57.0976495618177
138,TRUE,0.846309947257362,-0.42220388038713,-0.808548515489995,-0.116491684851712,57.7385040624067,-0.460380990247962,-0.883943892553301,-0.0744559896775202,40.3819230608481,-0.42265074599475,-0.770993395268167,-0.0848962837828464,57.0961518256308
139,TRUE,0.832134004209644,-0.329354501489314,-0.62186541613165,-0.0184542778476527,59.8724883780593,-0.362927769505655,-0.72205317595612,-0.0374862662724611,44.5829440408106,-0.396911083155838,-0.688122110135,-0.0753770679792574,62.1551352237171
140,TRUE,0.972009836261795,-0.46812881269054,-0.768989662812466,-0.210861489470106,57.0411351139586,-0.593651126739532,-1.11384042860666,-0.251863711365873,38.0177841217626,-0.532894995392824,-0.841072744964856,-0.268137127246354,57.3878013022614
141,TRUE,0.903520076478113,-0.363169063815085,-0.731929177252303,-0.0724707635670588,59.1297836760293,-0.453469617444884,-0.82151536309653,-0.12480223338525,45.6308945448375,-0.393896101724529,-0.762520760706014,-0.0519953031701771,62.7626148576145
142,TRUE,1.02418361642834,-0.297248516670209,-0.678910753550973,0.00742740065319968,58.1511126959979,-0.3396948838855,-0.785844168882791,-0.0175581716900588,41.6309732227539,-0.329885201993373,-0.70920454084956,-0.0318868256366971,60.1945348212391
143,FALSE,0.728725026320431,NA,NA,NA,NA,NA,NA,NA,NA,NA,NA,NA,NA
144,TRUE,0.982877692858011,-0.200867501808944,-0.526753539629986,0.101178149708509,59.0304043759051,-0.311693273473712,-0.765120879304406,0.0479511000572754,41.1805425112114,-0.232235673137125,-0.560710357702476,0.0214808989421919,58.0850926485463
145,TRUE,1.01128063364283,-0.408928782399675,-0.780517463256606,-0.112172401307008,55.7277133369484,-0.415375947251518,-0.832922394893404,-0.024238750093187,41.2806272868102,-0.351338689547204,-0.701910703945401,-0.0299600217216248,58.5969491977461
146,FALSE,1.33194211279924,NA,NA,NA,NA,NA,NA,NA,NA,NA,NA,NA,NA
147,TRUE,1.17179747844842,-0.635088572118301,-1.0512873468851,-0.338352513338999,54.967493518035,-0.522640736991479,-0.94915962739515,-0.171562514213202,39.0092433687063,-0.579798862073812,-0.956627021323841,-0.28451524717163,58.1038586682286
148,TRUE,0.922105863696332,-0.370566758970305,-0.679059978017123,-0.0660096075590877,58.6732189377673,-0.261732439203029,-0.675446260043219,0.102079565575291,44.6523757658487,-0.307073233709963,-0.626085765485885,-0.0260367738673601,63.019810403185
149,TRUE,0.857849698542546,-0.340462926402841,-0.694753009725553,-0.0238358675759628,55.4965447338667,-0.488024831524175,-0.886811765750681,-0.0863467229904243,39.5996722672435,-0.409239048459546,-0.751346903810298,-0.0611312088174139,57.2630492756291
150,TRUE,0.982435888723115,-0.323786772146694,-0.641185912046007,-0.0383866537966646,57.3841988325078,-0.356760296960565,-0.71438191786947,0.0829661869216449,42.6390181196384,-0.337854403338413,-0.701443872114897,-0.0746671707548034,60.1136895050665
151,TRUE,1.02822858712387,-0.175985900722993,-0.502521427579369,0.0656045543908083,57.3039083215893,-0.0987406384790622,-0.449690951606293,0.225094140567887,42.7814688341101,-0.154021648750179,-0.488211880175858,0.14848513207072,61.3851575340322
152,TRUE,1.03301624225955,-0.24820744693226,-0.557533900344067,0.0804907983600539,55.1583894774938,-0.166128420576234,-0.598293303587522,0.184433156549352,38.1233744599687,-0.159187618196135,-0.504095167786047,0.144387339884856,55.7410594424261
153,TRUE,0.954816294722215,-0.436009754772942,-0.73835746304488,-0.170716605056679,60.1393090814245,-0.489343071366363,-0.782616394517952,-0.14497656736384,45.9901104388322,-0.442924115993393,-0.763727894616979,-0.203610703010149,65.1260294672733
154,TRUE,0.811126638605032,-0.603275005258868,-0.986140664767661,-0.313661426697934,56.8068714437776,-0.678498491308267,-1.1410766962265,-0.236039036925012,40.5463358679993,-0.57458297846826,-0.914557225239984,-0.236229791591503,58.2470812432524
155,TRUE,1.16536436779858,-0.126486513558362,-0.482537426610082,0.167209166541873,55.8478926959486,0.0301583677610192,-0.356512093277152,0.346870562694304,38.2101472187747,-0.0482251346741239,-0.3700289103445,0.232469356640204,54.0105761255902
156,TRUE,1.06145289089802,-0.224269967571572,-0.52984931769165,0.0427980311424154,55.9439843499684,-0.263779630855406,-0.665727032859799,0.116960871255636,40.8767103884062,-0.253991933024543,-0.530484858452742,0.0373333157092599,59.9643220702698
157,TRUE,0.989081367344843,-0.321928707356542,-0.772537869298626,-0.00836475167452097,56.4987917504105,-0.262839027354656,-0.654748023574794,0.130283050844904,41.6492165381987,-0.294268380918903,-0.64448408122547,0.0624888456966467,57.6565483862937
158,TRUE,0.808761655450937,-0.519784571744377,-0.948357077374055,-0.190810329297975,57.5179388051987,-0.551615400499698,-0.956875149718525,-0.154449385438312,41.5433440401806,-0.522357092117378,-0.87663526486348,-0.172280862764504,59.6512922337605
159,TRUE,1.06152790934474,-0.392067099184595,-0.742306934252719,-0.0962502389053709,59.1565066566291,-0.337017281325883,-0.744481606504284,-0.0208099533630957,44.6529718651856,-0.395790097197288,-0.730855511917106,-0.117413336945263,61.0271794693199
160,TRUE,0.948394587696163,-0.479880808005147,-0.854352258013526,-0.146719710755375,55.2531976163405,-0.448704645714361,-0.87377743479757,-0.0907823774052946,39.9305289445454,-0.39325341933543,-0.689518429622426,-0.074923131812836,59.8682165871475
161,TRUE,1.03171278292424,-0.615238077040429,-0.934603341471786,-0.304533752889348,54.8553568511778,-0.475140003837003,-0.83582842006128,-0.0926930180438707,38.9046628793315,-0.515233508616121,-0.865535042475659,-0.184103917814573,57.0312195689572
162,TRUE,0.95980764145294,-0.30584266564066,-0.649541039094088,0.00585554182047224,57.1407550232765,-0.301442717274729,-0.71808273629062,0.0341606939601176,41.6313398080276,-0.282601637320468,-0.638325114876194,0.0314982738210017,59.3947838762481
163,TRUE,0.912565998552176,-0.273763877002671,-0.621518443735983,0.04183107824722,50.3092032249561,-0.291844716427163,-0.676867980506536,0.102045011790573,38.5522736990203,-0.294061296820913,-0.631024732061922,-0.00974179236688366,58.1013122128402
164,TRUE,0.996940247622004,-0.386415334340606,-0.72704829772667,-0.0366135915241662,57.8559835010532,-0.377197318489619,-0.81447530957349,-0.00630099466107102,40.4530692365832,-0.421069284083253,-0.72783065594906,-0.0700852637168939,59.9961072469749
165,TRUE,0.950387480605709,-0.196134439087269,-0.487446370121506,0.0877203995024727,58.0313231767128,-0.146433175019056,-0.545750810598452,0.177145970890677,45.3393682739017,-0.187001687219882,-0.506977318988877,0.0992095782843648,64.9902575636137
166,TRUE,0.874263051499892,-0.580398664442315,-0.958004789421016,-0.258506739673169,58.2410546082564,-0.551612279739876,-0.932232833022335,-0.156372452245434,40.8824592554896,-0.612251916092752,-0.941897781391444,-0.267630780874043,61.200817195477
167,TRUE,1.00192881465772,-0.462320786488943,-0.828913064963858,-0.136963083648554,56.7934128679595,-0.497742102126602,-0.842067387158389,-0.126217235670313,45.4218518249462,-0.433157698239367,-0.794985314883449,-0.114645507253021,62.1329196799266
168,TRUE,1.08442018585949,-0.105811179157792,-0.399226084756503,0.199447600126974,59.169235260377,-0.069047339196472,-0.389304733261882,0.27413894404759,45.765477011732,-0.128273416031345,-0.405254483734817,0.122895266448698,62.0825697375301
169,TRUE,0.927080716025249,-0.227647775561135,-0.55990184153132,0.0317447688337528,55.8330240142992,-0.10498887317891,-0.445553237332554,0.216831600584743,39.8390584740101,-0.180135927564787,-0.480009478265059,0.109439759446659,56.9279942000835
170,TRUE,1.13912820696682,-0.386717337721134,-0.777443831051186,-0.107471858868385,55.41538785709,-0.427187829392824,-0.843776496074663,-0.0609319272737107,39.6052173751438,-0.421855295159519,-0.796076678765761,-0.0769863017923849,57.8253572704923
171,FALSE,0.673847286514448,NA,NA,NA,NA,NA,NA,NA,NA,NA,NA,NA,NA
172,TRUE,0.905313612430307,-0.441748330139644,-0.798373030609486,-0.118431402584336,57.2156269732057,-0.397331995221283,-0.760143979356263,-0.0780870698635902,47.9493772665638,-0.398439023264872,-0.717608547531932,-0.134648410340987,67.4513340084278
173,FALSE,0.724295977158814,NA,NA,NA,NA,NA,NA,NA,NA,NA,NA,NA,NA
174,FALSE,1.3002060488709,NA,NA,NA,NA,NA,NA,NA,NA,NA,NA,NA,NA
175,TRUE,0.812769051606223,-0.803558908056714,-1.21362881263332,-0.455639836451261,55.5160909920328,-0.708834963010567,-1.09330422903356,-0.307845582580642,35.3151955093333,-0.720075140044925,-1.13367576129492,-0.35072369173682,54.5894419926058
176,TRUE,1.05924003091162,-0.580186829656504,-0.992644802340577,-0.235680130197581,60.6474358683017,-0.464714323421407,-0.850331365238642,-0.118603866627257,39.7753053605611,-0.475666850530519,-0.783749845899908,-0.199453778238082,57.3106452423786
177,TRUE,0.904931131025939,-0.32065138897183,-0.650404354851724,0.00742496369490144,58.4962715600401,-0.277939523222577,-0.702721594164406,0.0524450925378137,44.3199280818337,-0.288466811222242,-0.619532317756107,0.0010070947705456,61.8453545031788
178,TRUE,0.890584704761806,-0.514125603734674,-0.888159923173067,-0.194808791427453,56.4604950089662,-0.522173912974637,-0.958335196179675,-0.142182008182875,40.1505879706471,-0.577795017455704,-0.895427414317378,-0.287757378800187,58.5539443313567
179,TRUE,0.886488175841384,-0.347197580789948,-0.686651131618878,-0.0564549629086754,56.5911888445798,-0.309962414277811,-0.652770982694206,-0.0102283192677971,42.9277172926545,-0.337302823986212,-0.623770999858061,-0.0161574737703817,60.2339687036265
180,TRUE,1.17036921716308,-0.202629940228741,-0.575396055988382,0.122786737324366,57.8641322497651,-0.230499703699521,-0.632386483019969,0.110115932343409,40.9664042275295,-0.269397752663913,-0.600753289291213,0.00925452908161095,61.0809993666551
181,TRUE,0.80395820469488,-0.440168296441077,-0.81797382110719,-0.101180764077426,56.8399637120214,-0.406484097037594,-0.758947468246865,-0.0231394286088796,42.2432086238616,-0.425999525082242,-0.726645079153309,-0.0943651334389388,58.3067736436704
182,TRUE,1.18341929135109,-0.47255348899153,-0.788597935428673,-0.193343942958065,54.4182377919417,-0.457740572760202,-0.879858265779902,-0.0894769381699156,39.0039747134163,-0.504456704058856,-0.803214218881286,-0.243075347755476,58.5489539998205
183,TRUE,0.991000738654942,-0.22085583246441,-0.538066142651287,0.046725530019755,55.7535108719819,-0.135660280058435,-0.547480936449153,0.265732829027798,40.2564825822101,-0.15236546695401,-0.440537918409929,0.12205329500144,59.2534862006384
184,TRUE,1.10419833372705,-0.179173595219683,-0.499739701031863,0.166919796162718,56.4391565815207,-0.186193023675596,-0.599354828755525,0.240119655738202,40.9487485729439,-0.176242129904662,-0.497670950203712,0.162422599580009,57.0249368766781
185,FALSE,0.711963973703525,NA,NA,NA,NA,NA,NA,NA,NA,NA,NA,NA,NA
186,TRUE,0.934853062235307,-0.399971636592477,-0.73703222653269,-0.0736908146398461,56.3099611346021,-0.336195477012679,-0.686718132958871,0.0145426737461354,41.8256144168341,-0.324073106293603,-0.684851283596702,-0.0630965334467421,57.5314835752611
187,TRUE,1.03581075952884,-0.294602727075748,-0.609537418959633,0.0102128080690452,57.8910810315063,-0.183367082474384,-0.541745758019249,0.183466089437543,39.7444940325359,-0.228686752939707,-0.503611758819187,0.0583174595387773,58.0095952458765
188,TRUE,1.0152916554642,-0.606196388595139,-0.911519690234521,-0.308459784068973,56.5176415292734,-0.54202933076001,-0.913421622560391,-0.201291221699979,38.8201613951654,-0.605258954331232,-0.935693038838332,-0.25076967179077,56.82636522922
189,TRUE,0.845249715181293,-0.597082790364155,-0.924331138008377,-0.292716466275601,60.4968071446368,-0.743562655474725,-1.15936157039893,-0.359689759860616,43.0778919997068,-0.622212152336628,-0.934760226223868,-0.3404206063007,57.9627687019695
190,FALSE,0.752381388963384,NA,NA,NA,NA,NA,NA,NA,NA,NA,NA,NA,NA
191,TRUE,1.16226631298606,-0.418289989932193,-0.743119749371509,-0.139207516759565,60.5959003931622,-0.36212594023673,-0.750083115243255,-0.00137042976551382,46.9395696924029,-0.373498311653479,-0.692460145460114,-0.119434496289697,64.3887241578058
192,TRUE,0.982463119694477,-0.0348399587785864,-0.428347160955458,0.258478686581663,56.8518897651788,-0.04064943417089,-0.424186507866878,0.311703199625484,39.5439691335574,-0.00480503597945835,-0.350627226101398,0.295509044331437,55.0394719225736
193,TRUE,1.0589569826325,-0.277865813199495,-0.649391190126622,0.02572348977392,56.1957864712408,-0.176951349639198,-0.551088686432299,0.141843993392642,43.9441256065315,-0.236226511145137,-0.536068252243374,0.0091342955823838,58.5548559229786
194,TRUE,0.91257225725375,-0.46107882377813,-0.793952288871373,-0.15302176639859,58.0209461037036,-0.500967396026208,-0.872710552019037,-0.117125541055013,40.5527180328504,-0.539532955425572,-0.868891791803503,-0.23518219757868,59.5883767855958
195,TRUE,0.90752096476562,-0.479677659708144,-0.875379948526511,-0.167347110614981,53.2458881840908,-0.534618221625751,-1.00521368368444,-0.211599560091902,40.3456893185372,-0.51168328295515,-0.893305147667094,-0.179551413928615,58.2169857797716
196,TRUE,1.0781111511183,-0.628845970372894,-0.961952594810817,-0.271103614189045,53.7575534526358,-0.764060733871697,-1.15123957459068,-0.411869642075164,43.0922353044477,-0.68561782231268,-1.02131212783,-0.341510993110668,63.5620480154418
197,TRUE,0.963631366853164,-0.320725924300739,-0.621667623081814,-0.00570798675554882,54.4710533584865,-0.205044251457551,-0.594332230883735,0.118982274938766,47.2810270249946,-0.288527347924906,-0.58613879416599,0.0689005813706715,63.0923388832569
198,TRUE,1.06721876989104,-0.375915679332052,-0.660926472980275,-0.0663430435007222,61.826837479397,-0.30794797677962,-0.704729769088984,0.0427729450820351,45.6782596352558,-0.314456853521019,-0.629891913558923,-0.017964875041262,62.9567244744079
199,TRUE,1.00238326772065,-0.283359408425444,-0.622534720407647,0.0328290507780818,55.738786713976,-0.302048200682936,-0.719609682192258,0.0361886906076488,37.9044733279797,-0.323617479583362,-0.686136940420274,-0.0261136776593404,55.6086546217717
200,FALSE,0.787612715803512,NA,NA,NA,NA,NA,NA,NA,NA,NA,NA,NA,NA
201,TRUE,0.868810428584981,-0.294028396016623,-0.650470936322713,0.0164287475739505,59.4719097144335,-0.237872624041434,-0.646410597485548,0.0972562339233267,41.3917369593768,-0.263052479440083,-0.559133563721594,0.0137113209959082,60.5482306732085
202,TRUE,1.04358302232769,-0.291491244773244,-0.650391643707131,-0.0120930727030467,56.2170464397998,-0.264880597231406,-0.613570261681417,0.0537216365332113,45.2401187368351,-0.28814274105043,-0.651522204103949,0.0192104517042042,61.1183266664913
203,TRUE,0.941034986282574,-0.387091827079348,-0.753487256437163,-0.0469619415228561,55.9724662616166,-0.322324494370103,-0.778512805993846,0.0216437700328479,41.4077222818434,-0.370248130884938,-0.749696615288925,-0.0623481712364022,58.9123018278601
204,TRUE,0.947375331970659,-0.200336352628963,-0.545913169334847,0.0678347576405463,57.3340115460643,-0.25103163463065,-0.621587401054535,0.0976049450832025,42.7083380900509,-0.228320684354512,-0.559964074532715,0.103218333345951,60.5370482934773
205,FALSE,1.28524120083731,NA,NA,NA,NA,NA,NA,NA,NA,NA,NA,NA,NA
206,TRUE,1.05484737709461,-0.442462264547266,-0.813826445300719,-0.109499500938969,56.0842865215058,-0.602177933587426,-0.999771682707153,-0.27905866823479,40.5340907695642,-0.537765964124411,-0.889138058533973,-0.252707843416988,55.4144280160481
207,TRUE,0.907767396242044,-0.290187375387722,-0.672872817114836,0.00536658340654831,57.5488508814589,-0.392093825737645,-0.793383352911862,-0.0547736898005306,42.4752084021113,-0.420881531566965,-0.708136554344827,-0.120055525489502,61.6378581517278
208,TRUE,0.848323847724339,-0.349978797144499,-0.73600346005807,-0.00869954371305097,57.4270721547417,-0.280716174793722,-0.631816193109147,0.0947446030963457,40.4842831711708,-0.281948825692289,-0.591879993502459,0.0245143044449219,56.8682249692195
209,TRUE,0.916311646821952,-0.280284967761652,-0.587692481567146,0.024495332564837,55.3133330965713,-0.296927881571125,-0.725391061587043,0.0453984317274056,44.9214509214045,-0.297388268596529,-0.640541913251223,0.0164673029503992,59.6173004040427
210,TRUE,1.00240090316174,-0.357950372427343,-0.655583227439313,-0.0974058182843201,60.2982199445221,-0.317641720893377,-0.763324496578618,0.0240837854836497,44.8033174051489,-0.380765900928336,-0.717063452486913,-0.082123577375368,63.6830956824158
211,TRUE,1.10781556217571,-0.609398839258054,-0.98009849758452,-0.288920846881357,57.6091104400001,-0.570273038219234,-1.02839882707007,-0.191136913015679,43.2491807925099,-0.545563410571651,-0.892293947713371,-0.222367360309969,61.866199764281
212,TRUE,0.948971622006407,-0.256050753872431,-0.604047542217961,0.0182332080597781,60.2525589874149,-0.201197122343221,-0.604626951557187,0.198546938487445,44.0549720433921,-0.212535651958363,-0.523621923354832,0.143152913682484,62.2570263637793
213,TRUE,0.968933807123164,-0.342365318487744,-0.708047276426287,-0.0537254601669962,54.8595625980539,-0.339863774456455,-0.715080791852647,0.0168704085779858,40.7820413155015,-0.321205954896165,-0.659925780856283,-0.0694829353169997,59.9119441988471
214,TRUE,0.98891689734476,-0.266027693449139,-0.595000152640585,0.0180595441334131,57.8653375830348,-0.258868384812288,-0.663993167860028,0.072261141745355,41.4979866123583,-0.275992179892925,-0.592188969279992,0.031744105099365,58.9467000463831
215,TRUE,1.0869368439967,-0.247735403938323,-0.583531133895437,0.0682696212801315,54.4533089141074,-0.294176337928121,-0.673992717298486,0.128259023110929,36.60139979701,-0.244791025663985,-0.568175560735766,0.126467599879819,54.2953030163242
216,TRUE,1.04620282008692,-0.226706071818186,-0.535653344814337,0.0412235528443422,58.1073825514504,-0.170150863430089,-0.546453307426168,0.216606307368115,39.5998195992,-0.201694730822882,-0.527317065347585,0.124736776469147,56.9554923481835
217,TRUE,0.821707842265223,-0.409149833073212,-0.743825735938238,-0.0792131439643608,57.0069449969787,-0.416219279078597,-0.868831968101418,-0.0413492184258766,40.6154113969377,-0.389505226592136,-0.738823127750608,-0.0624216958781571,57.155321074405
218,TRUE,0.955765136530555,-0.473101145863422,-0.847463258512728,-0.1298865036027,55.022734702022,-0.471819614986848,-0.931699323588179,-0.0479431532595265,37.6471850401234,-0.535185712675824,-0.88940276891963,-0.200729794216683,56.2258726500802
219,TRUE,1.10384084058086,-0.136680999296126,-0.522722183487572,0.133728296001401,56.3164577829083,-0.0887348452740702,-0.486127036477696,0.320386960864704,42.0648520112031,-0.0585746657150491,-0.380404640129258,0.313385250060748,61.8565209998239
220,FALSE,0.7840845956114,NA,NA,NA,NA,NA,NA,NA,NA,NA,NA,NA,NA
221,TRUE,0.959280591464463,-0.534106817901139,-0.921891102423474,-0.232905786880474,55.6163656327627,-0.523458405746128,-0.95009314331699,-0.16520603089429,40.9220784342031,-0.547715520951953,-0.904105613316579,-0.21319154253258,57.2234264159188
222,TRUE,0.863824192319026,-0.377137661044969,-0.713954242232936,-0.0636497488623941,54.4530034094973,-0.438031152435528,-0.844760710201932,-0.0832275528209406,40.1334109256727,-0.385210118534102,-0.714103518643397,-0.0604601561249855,57.3894904117045
223,TRUE,1.0575951741195,-0.672150433065966,-1.00226192598481,-0.33352316750489,54.6912704051942,-0.68651570017616,-1.09315543257121,-0.265482402683583,37.072999496181,-0.656084973753001,-1.02367804517186,-0.324491050466735,53.1214543595177
224,FALSE,0.762756892462407,NA,NA,NA,NA,NA,NA,NA,NA,NA,NA,NA,NA
225,TRUE,0.933884199187182,-0.441517859387076,-0.772156160881419,-0.106775728664125,54.9254204586351,-0.488351985053999,-0.873086297052343,-0.103318234413097,39.1499985595812,-0.514595815982413,-0.847837674012296,-0.185592936965115,57.8642647792398
226,TRUE,0.831356951550447,-0.328235180211087,-0.621919734420602,0.0026394905246642,54.4355201768491,-0.247780164098592,-0.60728332339955,0.0988812329418296,39.4789712416224,-0.213660650986168,-0.516644949953909,0.0862308962541372,57.0278359982479
227,FALSE,1.26744187285944,NA,NA,NA,NA,NA,NA,NA,NA,NA,NA,NA,NA
228,TRUE,0.843841689629277,-0.296695458969239,-0.612666343995674,0.0627884108425839,57.3678086540496,-0.202982307628775,-0.53949782383687,0.144704220199789,44.0843509591143,-0.204370293966046,-0.538083665683495,0.113415072978964,61.3825392794525
229,TRUE,0.850782807723887,-0.594856454565168,-0.934732087035907,-0.209988428216482,60.4603513921594,-0.580119606873718,-0.965646907441306,-0.201684485524993,45.9277013990964,-0.619416187802135,-0.944210717180811,-0.305255597941314,65.1604733981343
230,TRUE,1.02479768325902,-0.53088190563391,-0.874883779669171,-0.174676255255464,56.5823466647051,-0.489397876208641,-0.8499409023526,-0.164426478366253,41.6346301151157,-0.520103834492133,-0.81234601457858,-0.232508649868714,62.6500461049681
231,TRUE,0.882440331546399,-0.440380589210823,-0.841313999345442,-0.0903935220546855,52.5845928268242,-0.278661292176645,-0.718637437730747,0.00847046119575904,37.8448904489208,-0.317549393391083,-0.659280572571422,-0.0532750858923304,58.1410568862786
232,TRUE,0.971696726059181,-0.472777440021106,-0.805444075183754,-0.155933818994829,55.0579366729926,-0.466812512022125,-0.814382208366974,-0.0854471397315947,39.189574841148,-0.398606000951028,-0.7195298732409,-0.0829782010127683,54.5362687754854
233,FALSE,0.750072617097756,NA,NA,NA,NA,NA,NA,NA,NA,NA,NA,NA,NA
234,TRUE,0.820326512645488,-0.363999477371241,-0.69990226977899,-0.0599372327790571,59.4575787822705,-0.357199320097301,-0.765026863291674,-0.0137280138737615,45.0756874377663,-0.351677923989461,-0.641873421131687,-0.0601155291979163,64.9764681593029
235,TRUE,0.993964496207893,-0.440571003516727,-0.784836141859933,-0.108798351002607,57.6769274716641,-0.421738374462072,-0.796195600358255,-0.11339946099007,37.5304654900608,-0.422195861242493,-0.740615306079431,-0.166384510963174,57.6439251991478
236,TRUE,1.06013690089412,-0.215237427718106,-0.586684130702033,0.0338890760162631,57.9720596641211,-0.174417015068145,-0.595238695402892,0.134238603959811,40.8584252971041,-0.213654086631808,-0.557602335479535,0.0483458669509118,57.1110055704373
237,TRUE,0.89557764185474,-0.485247182632637,-0.859656837820997,-0.169050959511248,56.945644014745,-0.481898166687753,-0.892642252671763,-0.116617074833462,41.932932920563,-0.505496203006808,-0.916303721458163,-0.155216127210513,58.1785814117578
238,TRUE,0.964774272498368,-0.323926464415043,-0.676513150094167,0.000242721335994872,55.8138252354095,-0.331465297844763,-0.743938251181019,0.00710339188218955,41.3579324671761,-0.368776762910383,-0.69169478283173,-0.0657639728631184,58.4990336862924
239,TRUE,1.09715307816612,-0.12088976201879,-0.498272918381675,0.211010537403691,57.4004860942944,-0.0995132917690292,-0.457072552651403,0.259283752125011,44.6445005382308,-0.147771406943643,-0.495313250042219,0.132303742307719,60.3629682959506
240,TRUE,0.886650113059646,-0.356837257032806,-0.646728459108216,-0.0537903449609741,57.3446982820583,-0.287313384474917,-0.613512710133929,0.0807169567918516,42.2877193870036,-0.246683275318287,-0.583860637358128,0.0430630939649833,58.467385064245
241,TRUE,0.846078307370615,-0.275826747452916,-0.275826747452916,-0.275826747452916,56.0752306714963,-0.229671223142066,-0.229671223142066,-0.229671223142066,39.2170038874326,-0.260313958573839,-0.260313958573839,-0.260313958573839,55.2739822935288
242,TRUE,1.02853726101839,-0.370410453977376,-0.726337196076449,-0.0781788100724745,56.6795488944344,-0.340709659010976,-0.711229537896082,-0.00776918346990441,41.9720935698743,-0.35535723432829,-0.766095381978714,-0.0927024450476147,60.3762864290747
243,TRUE,0.950912475819317,-0.566152732265876,-0.903951468927355,-0.198053299628617,59.8368487935533,-0.587908346190129,-0.932911647918322,-0.207537161620728,43.8814371764907,-0.557307508499683,-0.97060011721007,-0.264912928712884,63.30500691356
244,TRUE,1.17403868765627,-0.261557707546868,-0.553796645643608,0.0207095365087707,60.8172858985418,-0.270172475367444,-0.658872680746283,0.0394367792273923,42.7359417915778,-0.270449019585182,-0.551249846092344,0.0125173608974519,62.0765590458765
245,TRUE,1.10319558890631,-0.166526850693338,-0.537900009574644,0.127859087620797,57.5570709885145,-0.173268725762867,-0.554589500852545,0.198423976930473,41.5519487575494,-0.191329798289049,-0.578339894214933,0.0753083258990191,62.3028213810092
246,TRUE,0.80373741866787,-0.440742313192786,-0.723312214434927,-0.173053103108156,58.1688464949025,-0.49781329915107,-0.853223370829438,-0.171187889207654,40.9766824828106,-0.477391271001715,-0.793865632543221,-0.196321682323601,56.589351955373
247,TRUE,0.911806506133017,-0.38913878281587,-0.740608712299359,-0.0729560864306514,54.5661732403962,-0.425305364053563,-0.939022021257482,-0.0682724410818478,35.567605720483,-0.450124523515136,-0.747973725771768,-0.120502748904486,54.4335589009713
248,TRUE,0.948522152308444,-0.345547787800609,-0.643164374149493,-0.0964544820218251,60.0273902499438,-0.352946950096541,-0.667192934309249,0.0352333186499082,42.348867589596,-0.258587386769458,-0.606804467551492,0.0436890149814121,58.3711348245696
249,TRUE,0.819063553527536,-0.373982898328797,-0.713945753096806,-0.0941673979130458,59.2565864705702,-0.29722878683513,-0.727655246056554,0.0360019755808041,38.6884311429262,-0.341220725984267,-0.710248750706266,0.0108503733562864,56.1397913428779
250,TRUE,0.962493942459244,-0.223723793303567,-0.61550973556836,0.0738115546441659,54.9697903324555,-0.17581284030612,-0.578275514549525,0.151096599399225,38.7081757649827,-0.222290465801048,-0.556941073380934,0.0860469703733096,57.7001797007972
251,TRUE,1.0147411253936,-0.385063768579012,-0.754404864699745,-0.107043987979347,55.4185465206487,-0.401861929810997,-0.825845753532477,-0.0669943686509025,40.4383249059183,-0.349856889860682,-0.676438896638329,-0.0537417828371981,57.5794845213613
252,TRUE,0.884114071907264,-0.40483757168656,-0.77478111117482,-0.103563048464228,57.1833740771185,-0.437060189283943,-0.863222830078621,-0.0741266106924732,43.883252361455,-0.461086478687683,-0.763969289719137,-0.155224325534666,61.0405210843823
253,TRUE,1.05475894429701,-0.40739456848656,-0.77878153003427,-0.0933527291470001,56.9024282176046,-0.44511571332731,-0.817447604828229,-0.0696528282115384,42.7775810991191,-0.446619830738383,-0.7983078432548,-0.132299226895162,61.4504364835188
254,TRUE,0.881357711049881,-0.383638820147452,-0.728272540481296,-0.0532992955913757,63.535015708625,-0.390096479605112,-0.836780771721761,-0.0328508445114793,46.2524725703824,-0.365923278235849,-0.663739496556204,-0.0568986514769371,64.7737221361177
255,TRUE,0.99075686776772,-0.392390057086393,-0.728745552287138,-0.0647908239896916,60.6827930564628,-0.306004606495685,-0.685748676902812,0.0974431714489803,40.2886372921783,-0.338603805346364,-0.667301941464151,0.03197545521719,57.4615042893184
256,FALSE,0.796991534055723,NA,NA,NA,NA,NA,NA,NA,NA,NA,NA,NA,NA
257,TRUE,0.876136012391592,-0.387105020824653,-0.687534645853029,-0.113161989563176,57.0638930583375,-0.326415665004645,-0.732949260225761,0.0705446910607043,38.8817371063947,-0.344167373236116,-0.683866241724294,-0.0242954921381584,56.6307238617967
258,TRUE,0.913436596928352,-0.243077915768264,-0.576136010997705,0.0544572895735556,55.0201793727131,-0.250713488315663,-0.6174561113452,0.158424727922509,38.5688235823773,-0.236290115905067,-0.558228687533127,0.068048332522315,56.662378158026
259,TRUE,0.936771839197992,-0.554138294578472,-0.942415991857019,-0.18784564459443,54.4058482380851,-0.661577348301577,-1.08728582124417,-0.274099854700547,43.7004398025478,-0.630910158817578,-0.957964936193405,-0.321129406698755,62.1129634690317
260,TRUE,1.00847719594077,-0.269450358677657,-0.599013776639888,-0.00434086277302603,55.8316201391084,-0.425664675616841,-0.812839862795752,-0.0565169659812403,39.824399220544,-0.343527834847084,-0.658897586455396,0.000592569706413232,57.5430094847893
261,TRUE,0.879472058503212,-0.244066953100265,-0.59736441259573,0.0757466081844712,56.2616907298106,-0.296579325394248,-0.736692637530214,0.0428161449316818,41.4147848668138,-0.307345312843334,-0.662754342983221,0.0382311093400531,57.2287599579247
262,TRUE,0.89668365260026,-0.530363281618712,-0.933535804992992,-0.273660346517516,59.7324498634345,-0.460655675109015,-0.917116301179051,-0.0977308350272174,40.8750638614782,-0.545022653089327,-0.884520574266949,-0.17710896616776,60.3386982450542
263,TRUE,0.993833787829703,-0.0575709369155575,-0.382604859778806,0.24493977781078,63.987087493047,-0.0113081405123333,-0.409310173713904,0.328805438869457,42.3891477495708,-0.0512329699866728,-0.382507747637689,0.266812971572347,58.4136300716589
264,TRUE,0.913622756448594,-0.429625904847483,-0.81497757573909,-0.116173422432848,55.0288295808789,-0.411847337505517,-0.873440844791671,-0.020881301940326,34.1795176346267,-0.427702330378741,-0.800614566382367,-0.109505685120652,51.1728392094499
265,TRUE,0.945334001775855,-0.121765831759504,-0.464217398214756,0.13862641194319,58.1835256435446,-0.0711965918877044,-0.389661223324325,0.260190872013787,43.1115535358363,-0.1522325780814,-0.496354355431603,0.0965530506717049,59.1661941396928
266,TRUE,0.854058765923449,-0.554672540940017,-0.869963242481146,-0.232445732638659,55.649280665762,-0.481330700900763,-0.995418074356472,-0.0543323556589031,36.4598881064296,-0.486597292716927,-0.809243414381192,-0.184912235073095,54.2272087515112
267,TRUE,0.904036024201134,-0.453086729335096,-0.851934707169296,-0.13496593330395,53.1376993063067,-0.401921701909364,-0.840596232115453,-0.0413151321664048,37.4834015964826,-0.363384297743043,-0.771242938183742,-0.0987161518151159,55.3570647541949
268,TRUE,0.98532328996114,-0.320184455152241,-0.622332929550295,-0.0289060368399726,57.615726866521,-0.33257051619451,-0.647063842185883,0.0117678272377296,36.5906858410708,-0.339867402368858,-0.606811323555911,-0.0595450345168687,58.5507072253905
269,TRUE,1.10828006228931,-0.272503559545574,-0.581204358582598,0.0351724369464356,56.2155774628247,-0.252055688222115,-0.627622972035992,0.0497573414785144,41.7946619452146,-0.21708108967966,-0.550133503899413,0.07269839190903,57.4895996947234
270,TRUE,0.967533306911026,-0.213959768541165,-0.519918179551814,0.0896509899445107,58.2036293241111,-0.263535142083312,-0.646141166312781,0.0760433304425829,44.2454173043588,-0.243160352290461,-0.54791623823459,0.0567630307788366,61.8068239669233
271,TRUE,1.18775525078435,-0.271204252266586,-0.652538616339013,0.0707226822492898,57.325274863362,-0.281537855315561,-0.683151617435816,0.0343754010568313,44.3272545418591,-0.258670347711105,-0.632649980505454,0.0517109148113888,64.304817644037
272,TRUE,1.00707500146222,-0.175356642033404,-0.527349231185,0.0754214927286741,59.8097305490421,-0.239958564530516,-0.608693775285811,0.147271915524605,44.9129386245384,-0.213511541459902,-0.555998696589327,0.0800908118904483,60.0901965764842
273,TRUE,0.991305453211846,-0.450644134504849,-0.769783314514578,-0.114797411049323,59.0970899396304,-0.458098893103432,-0.892082859384729,-0.159966718115927,43.1289833248851,-0.409668768103245,-0.78167713726365,-0.136819543104495,63.3122946430308
274,TRUE,0.850842265677613,-0.669556102611501,-1.0768876697552,-0.304734009641112,58.6171645452169,-0.68500958759293,-1.1806592940578,-0.264440814004008,42.4403271121229,-0.742124364899185,-1.10854002897928,-0.414553491738107,60.4971454245465
275,TRUE,1.0800953406266,-0.428112521446981,-0.761687477162537,-0.116276320671597,53.3549860829576,-0.324252097143886,-0.790651477851496,0.0392125397852986,41.5177612877232,-0.321036794772513,-0.675843275518312,0.00763943940119042,59.5248929589115
276,TRUE,0.836915502843014,-0.324745848026202,-0.645852740010796,-0.0211411269062587,59.9643463286878,-0.235260864988828,-0.567957641873052,0.122031246651091,44.7524757046988,-0.254471710325092,-0.588505564324062,0.0430229203537098,60.9002746771112
277,TRUE,0.871525404421885,-0.337356196248826,-0.719993806991035,-0.014655195592683,54.4716974168943,-0.340493734288999,-0.731898224854652,-0.00162094637282118,37.9536017534955,-0.382923534562619,-0.708777275272354,-0.0725785290300056,52.896921708716
278,TRUE,1.01975520519343,-0.350696621072818,-0.730255582547938,-0.00189124522492552,53.5236185847341,-0.416627713498167,-0.880314787515858,-0.0614533796605886,37.9085246580417,-0.41476251717388,-0.779478665106574,-0.0885341273922533,53.788061414997
279,TRUE,0.914560835255797,-0.292989109158643,-0.526390833086478,-0.0133962354042423,56.3032082009766,-0.171139445307174,-0.525417927619909,0.197803006768796,41.2825310403492,-0.177973209308005,-0.503852980803759,0.105954251595466,56.4051704882803
280,TRUE,1.11990371068201,-0.347250373510708,-0.739852252198544,-0.00295525346876136,58.806877689067,-0.309357625445331,-0.744406266252062,0.0664169080128886,40.6524919456373,-0.349147578888859,-0.71772178843857,-0.0411580702520664,58.8425513700005
281,TRUE,0.844336456994937,-0.289062027961707,-0.639048792751698,0.00679619319330601,55.609267267307,-0.240043010190048,-0.638471444641693,0.169305224180431,35.2967009111576,-0.232355318647571,-0.564130829619024,0.0821404366698849,51.2832027439563
282,TRUE,1.06307588258419,0.0126751091473862,-0.292302421333641,0.283947803233104,60.3012135979177,-0.118496816623848,-0.461065380440244,0.246970453241619,39.6933717351566,0.0132800947169999,-0.300650949502774,0.288968903278195,59.3482612135296
283,TRUE,0.849323341029163,-0.104274544441807,-0.415626410195932,0.191331024401079,57.8955338800254,-0.141959165874651,-0.521378397253024,0.245072813814974,45.5906746493853,-0.149523096927999,-0.471005423065973,0.149663209206888,62.7496817701039
284,TRUE,0.914339302625392,-0.401108071917625,-0.773456660257464,-0.0998369908237144,58.2225076862269,-0.324521389410489,-0.717048093698201,0.0190571111274377,39.7068980938498,-0.300622129527613,-0.612464169101552,-0.0263583861097224,56.4547008686344
285,TRUE,1.11457506736252,-0.401349214109357,-0.763282229019647,-0.134409276270386,57.2322205585973,-0.427268220346848,-0.785699711618753,-0.082076543065621,43.6794661559707,-0.405438543431308,-0.732110214282345,-0.115478844436685,61.3650142550944
286,TRUE,1.14267835044689,-0.293625079238588,-0.673852932746342,-0.00559026461926889,60.4379642187742,-0.350238191476169,-0.692317649505903,0.00105945934520211,43.4763363926808,-0.362109626687872,-0.716735886031695,-0.0175625337656867,61.4531629283639
287,TRUE,0.866427389111023,-0.422940292678292,-0.718976385713691,-0.0624577803712842,54.2554898783912,-0.469705075082485,-0.914601262006309,-0.0498836221171572,40.0580788731872,-0.387085262985373,-0.73439108591064,-0.069948666150449,57.823121004466
288,TRUE,0.976920143830529,-0.564627895518682,-0.894329694040703,-0.285204871839072,60.350160019731,-0.500415444854734,-0.850463755476133,-0.164842868865636,43.7528403179013,-0.525105601984095,-0.855202543358483,-0.255396173308852,62.4666381643685
289,TRUE,1.01510163750394,-0.420966706581836,-0.760362691901241,-0.0964817887142624,56.7174436055113,-0.493644196386503,-0.983787924306463,-0.10106173645073,41.6414398079631,-0.514884866817702,-0.877688355815252,-0.195573870196166,59.055045447301
290,TRUE,0.808500490015609,-0.0975654344713098,-0.375730581382571,0.215680578039224,55.0212055134829,0.004410569839949,-0.405190822454834,0.350641464641566,37.8205016883895,-0.0481726842858763,-0.376013814914067,0.281306394426685,53.1487744695313
291,TRUE,0.81059194899695,-0.286564602985679,-0.596060895614513,0.0319759416619386,57.1817079107439,-0.306666334512836,-0.724869780004531,0.0603260487395181,43.2227222254658,-0.290992405881527,-0.620155134496193,-0.0538674775701842,60.0181247821719
292,TRUE,1.16852166675047,-0.621718728233121,-0.973056970737427,-0.309387225099524,57.3355483171238,-0.562493512473548,-1.00309646916446,-0.165854013458526,38.0667205151214,-0.539835415342753,-0.918885045842872,-0.2133435511539,53.7450837040324
293,TRUE,0.996343063043046,-0.305817615645563,-0.668327982555406,0.000847337395398249,57.5867678425229,-0.347054120244183,-0.764290972406404,0.00539477751574808,44.0663199113218,-0.306462840013662,-0.740869893803623,0.0340389333575748,59.7043288499311
294,TRUE,1.00234471292412,-0.252900761138972,-0.536955764251607,0.0290683765786456,55.9551065774114,-0.328864313822329,-0.711117082527494,0.0421041673641622,37.3922086144703,-0.28324746137402,-0.645235372139176,0.0150810968739266,53.6739327876677
295,TRUE,0.926713105790313,-0.479726773331091,-0.798312083121543,-0.149958479675885,59.1584293803704,-0.516516266830301,-0.912688360119409,-0.206628586462272,46.3189852366772,-0.490503085040977,-0.811417238130543,-0.217554046611397,63.4962472190479
296,TRUE,0.861351245259303,-0.275208572138318,-0.619122553577043,0.0346996991135103,59.7468483503601,-0.320545743167247,-0.729045191036913,0.0452676780791506,46.1381107385633,-0.317922006864809,-0.627859262600924,-0.0354189269273027,63.1173225550301
297,TRUE,0.927263678726823,-0.236166004441372,-0.526839427793932,0.0743358042311948,56.0340130010757,-0.132870391320342,-0.497112175303145,0.157340856096827,41.835290194689,-0.247810780882405,-0.594926000057201,0.0739797509418334,61.761005632585
298,TRUE,1.00970679122077,-0.417827381816371,-0.756925988435854,-0.0777837432439116,58.8317447582793,-0.493159456684359,-0.911069472790854,-0.129418556763008,43.8626173497985,-0.452257274562968,-0.736871671979957,-0.132238764843043,60.7774067978706
299,TRUE,1.13302350379648,-0.199114002860225,-0.589512694549496,0.0612207410819877,55.3269483140721,-0.043115539160684,-0.461235986757657,0.310980943331749,37.9472691405675,-0.126782243363817,-0.492266012561413,0.169371652222885,52.658480274997
300,TRUE,1.07317597324511,-0.303473999906169,-0.586726055012424,-0.0401469301975354,57.414001985833,-0.259997688437671,-0.657624681939788,0.0813039849958922,38.8533159528817,-0.34673191928083,-0.684777142183675,0.0244175354589183,56.2643700979659
301,TRUE,1.1848099019469,-0.27692793566526,-0.614741709123524,0.0550783078615608,60.2517054706047,-0.273955525192929,-0.770330150176695,0.0895301527290674,42.4694992132826,-0.246104794975079,-0.634024348152157,0.064450182736152,58.341539016578
302,TRUE,1.00743459185891,-0.383131733767393,-0.703108178419452,-0.0907649642064179,59.0949708730357,-0.262715183815223,-0.668896571345979,0.0509382670966088,40.5012103041924,-0.264855248363077,-0.607006460614094,0.0192491209920981,54.1673340861314
303,TRUE,0.902236770068559,-0.406436854616093,-0.746053046489002,-0.149060592102584,56.7078549726989,-0.453038976231079,-0.838405577520331,-0.134347691966957,41.7354238653829,-0.426944226169936,-0.738624220846048,-0.093278562237902,58.6949521162238
304,TRUE,0.927434718980591,-0.391479933846951,-0.750126441588808,-0.0967467504607314,60.894407600155,-0.412675730347858,-0.837667479324119,-0.0559547272188493,44.7934201027266,-0.432128551457984,-0.78214603262687,-0.126699222908541,62.5275318758868
305,FALSE,0.79341673739397,NA,NA,NA,NA,NA,NA,NA,NA,NA,NA,NA,NA
306,TRUE,1.00512902777326,-0.675518161676957,-1.01495207651007,-0.321032409970563,55.1886166250736,-0.610944003700355,-1.03892089396996,-0.201757197587324,39.336451167108,-0.651959075262162,-1.03078744727996,-0.325147195218151,54.950088177338
307,TRUE,0.831936427341671,-0.490470417360451,-0.799555205642494,-0.170677992710897,59.8213440766947,-0.631783897356573,-0.980248431667727,-0.251084068907904,45.2233571807965,-0.612407260675792,-0.879252016617724,-0.290762925192087,64.4399861887291
308,TRUE,0.947942498088628,-0.275679442438401,-0.598384654806911,0.025485532992153,56.8479795585017,-0.19473208628325,-0.574065218321177,0.177726876508699,44.895638572295,-0.217784769507667,-0.52310212889432,0.0617950594885035,63.9003846992883
309,TRUE,0.958867397995913,-0.233586383175094,-0.524892601522715,0.0725566009450061,58.9266786080121,-0.101997181908985,-0.460081849736355,0.203462713548202,40.9984584458615,-0.154019970034659,-0.513922985839185,0.136974229627178,60.8538084561285
310,TRUE,1.0115554998084,-0.510721052990382,-0.832097081644984,-0.175466595347278,58.9428548337301,-0.463368379230274,-0.884033170057699,-0.134140498580641,42.7020046172587,-0.441859857517122,-0.784114617360577,-0.145352898711587,61.3291891054908
311,TRUE,0.925602890404363,-0.474340075939874,-0.784157510113406,-0.0924679432904062,58.7193906760556,-0.500064646959746,-0.95993873145219,-0.153631164235317,44.6639604376185,-0.473547239359456,-0.788361287404046,-0.189944339422942,62.260678573527
312,TRUE,0.999104640901529,-0.381195788196246,-0.746813136586423,-0.021859091727937,58.4746913197756,-0.326967789904995,-0.760964129082992,0.00395850472957115,43.6317910927673,-0.354087696388152,-0.659477782129384,-0.0298210949828041,60.7475378886243
313,TRUE,0.903288499839475,-0.506206597588085,-0.8141342284617,-0.224738267570919,62.6437490642953,-0.483187344145107,-0.855923403962898,-0.132723354426196,42.8051349070764,-0.504760104709009,-0.81199108599269,-0.2071991492013,62.0949438216958
314,TRUE,0.963090703088101,-0.384728031493111,-0.745796243593564,-0.0226734066999,57.551881678472,-0.262767417125206,-0.737111009404945,0.0980841735948688,40.8343226168708,-0.300868055414212,-0.655701293954025,0.0283428430431491,57.7187480149077
315,TRUE,0.925590109082698,-0.360042919883643,-0.703282966951535,-0.100195024042592,58.0174052093679,-0.432233839305114,-0.818624904129022,-0.067466739893986,39.0941472478437,-0.385434748802594,-0.67599660665579,-0.13323091401061,56.1941980536728
316,TRUE,1.04338342865028,-0.0305381803494454,-0.345215025320096,0.2447421119267,56.1815537980588,-0.0901686517378801,-0.448544468989066,0.29353883987519,44.2137762409352,-0.0664268170860148,-0.379379509138155,0.219000292081177,62.7257455013365
317,TRUE,0.912061516965915,-0.354580541316243,-0.744124317478023,-0.0393487207836882,57.5186419228383,-0.436389751847506,-0.903419880156551,-0.0815353880727775,41.4481087914522,-0.386706618714342,-0.786389147411552,-0.0927485930292673,59.7533426055522
318,TRUE,1.01077056456832,-0.530449486831654,-0.851957162988813,-0.238110599573931,57.7856917695921,-0.488373960029053,-0.851751041251049,-0.144437115283038,41.2892510103586,-0.505736893332955,-0.861068352567438,-0.184155891519707,56.7974214138415
319,TRUE,1.01714214702723,-0.62202107040487,-0.983914710754969,-0.29937168105496,53.0123986706421,-0.616163104477352,-1.10385007176801,-0.188182614762482,38.0843841815855,-0.661197629713985,-0.999468682503907,-0.347062160267239,55.7971856037335
320,TRUE,0.994178385678447,-0.574114835200297,-0.939643207491881,-0.242123888099148,59.3628041250043,-0.561139392402557,-1.01285413539527,-0.240311979059925,46.3905101508552,-0.504587350389992,-0.873209175124253,-0.224484102781682,63.3027369310093
321,TRUE,1.0016637820088,-0.462906275847557,-0.817217088315091,-0.181319502839227,61.5860641156757,-0.523543779112436,-0.969345600518318,-0.09623457914848,46.9213573421145,-0.516710692053702,-0.819453801203713,-0.209050694320543,63.5655466212761
322,TRUE,0.813096111161853,-0.285133944416148,-0.679312615094704,-0.0207319624855129,58.4204725907978,-0.371056329953331,-0.760524516435953,0.00953593319603879,41.0866552004116,-0.327157389943422,-0.726562334428134,-0.0253618372075891,56.365712978652
323,TRUE,1.06164271459163,-0.342562483428296,-0.687901766073147,0.0209766301649468,56.8754009007179,-0.337423483697909,-0.771695593366946,0.0738716416351222,40.0328485954938,-0.307145021094046,-0.665966975526134,-0.00517261633065691,56.9332915421106
324,TRUE,0.989782502909829,-0.439649406497053,-0.772757892257089,-0.100667995425198,59.7948915861365,-0.339581111963106,-0.750348995426865,0.0124951564783904,47.8521962877463,-0.318286232693814,-0.647108694307436,-0.0275247640985277,64.0519894179245
325,TRUE,0.921219757995309,-0.455223816019396,-0.807354700498103,-0.180783841414586,56.9843425237942,-0.427003231110208,-0.827100851247878,-0.13185042998173,41.0289394490053,-0.497320924231116,-0.853001203674606,-0.173083876972863,59.2242461197615
326,TRUE,0.879483270362628,-0.547348847751314,-0.838791410473627,-0.292284384101461,59.4410569668962,-0.43311453655003,-0.88095086174854,-0.138203774746443,43.3241792803313,-0.470306109806522,-0.836903203777262,-0.154436171426853,57.9783237685461
327,TRUE,1.01261555136147,-0.65271904356714,-1.0383612219308,-0.310923987237155,59.497437357502,-0.657200255798415,-1.15524561214026,-0.257656818790939,41.2733126711398,-0.611001501549437,-1.01491486944725,-0.27230599488933,59.654468207968
328,TRUE,0.9242554793954,-0.235823390904478,-0.589955517266863,0.0500707516992517,58.7483215736004,-0.201650742986449,-0.541486131586097,0.148164703186327,44.38951400919,-0.221197763514026,-0.518269770803569,0.074641789183754,63.0607969939494
329,TRUE,0.924349275646863,-0.438567800791303,-0.779312670988733,-0.0865218596480432,60.2072646862174,-0.401457670933767,-0.784057565769485,-0.00806924299749677,47.4307973803197,-0.44158146187184,-0.743140143932705,-0.14094901792478,65.3572470051833
330,FALSE,1.27258683252607,NA,NA,NA,NA,NA,NA,NA,NA,NA,NA,NA,NA
331,TRUE,0.963921832454974,-0.267798007402738,-0.665684587120867,0.0421301324414044,55.6897258396702,-0.340238766199525,-0.714559622572238,0.0189875186105622,42.6867061835662,-0.347937679195133,-0.680794932820535,-0.060975117154108,60.1461716799835
332,TRUE,1.09356634375743,-0.474871872859899,-0.88944099920659,-0.130665274682882,53.127138450469,-0.43966057390309,-0.844716717154269,-0.0270987375561077,38.0534194398052,-0.427202875708677,-0.815810673333387,-0.0968566238487556,56.3220818933597
333,TRUE,0.857686368622684,-0.481393331637136,-0.802218971245456,-0.171380445742086,59.5292741369443,-0.449927288753152,-0.879102074594712,-0.0930216979245482,43.1068834152261,-0.373652244612809,-0.671103037995507,-0.107455551708737,60.3932123603388
334,TRUE,0.892719126491821,-0.282963031680631,-0.649008893833421,0.0107953968708212,56.5758104200083,-0.255646257846184,-0.674763642069763,0.181804499650501,38.6408757627408,-0.250144079061246,-0.611536006187799,0.110866073164088,56.0908127150666
335,TRUE,1.03698939435297,-0.344010046154362,-0.638304760466468,-0.0585114035327616,59.7240291934024,-0.290949647522533,-0.682897207427968,0.138252156454524,42.888903381852,-0.314836008253672,-0.676996380839772,-0.0217515072049916,60.5447071488479
336,TRUE,0.927890855437775,-0.132337236150882,-0.464930707344142,0.173570735822877,59.6767722706074,-0.13583128993242,-0.528583843692731,0.17338479493134,41.8463503040753,-0.119337139225993,-0.435862488610133,0.206624677266117,60.6863671046831
337,TRUE,1.01632063619316,-0.530219720491838,-0.845865127183366,-0.208078250736034,54.4346222638882,-0.612946562073332,-1.01050396555678,-0.277361561873402,38.5369383092335,-0.539028214142973,-0.865834441825546,-0.22229298466164,56.335052232638
338,TRUE,0.866640188170929,-0.373209836740862,-0.687145711960739,-0.0954082733517106,58.3209806245803,-0.364384067986379,-0.772736319426294,0.0187465981879594,40.6757043944438,-0.351442042687854,-0.646344453655673,-0.105331848769938,57.8056003168731
339,TRUE,1.02062672269842,-0.43362837910599,-0.769862517208708,-0.1048616254816,58.6189176796238,-0.371442281381708,-0.752825304121681,0.00570112735364724,38.2497231603892,-0.392033822949303,-0.705803723472408,-0.0740936634125887,55.0496184084499
340,FALSE,1.23682135063011,NA,NA,NA,NA,NA,NA,NA,NA,NA,NA,NA,NA
341,TRUE,0.918022305804959,-0.178559043461886,-0.475190520447113,0.0826488533879685,58.0205108398521,-0.169505416525796,-0.554595001831137,0.218284529642265,40.7208597026085,-0.179536693433053,-0.506816460103784,0.106580525243184,56.5219614967099
342,FALSE,0.775510941936783,NA,NA,NA,NA,NA,NA,NA,NA,NA,NA,NA,NA
343,TRUE,0.980962707582375,-0.299402244075689,-0.660648251679316,-0.0118139690550566,59.6058552124345,-0.33027100682833,-0.671259233335899,-0.0379181586910983,43.3354664344076,-0.356478612404724,-0.673308058534893,-0.0313967315487952,59.8522950333138
344,TRUE,0.997830646422839,-0.28697323165067,-0.649520989082652,0.0324578319371112,61.6491091286149,-0.198544018902879,-0.575417848128502,0.161767280042821,47.1986236021196,-0.255642778180402,-0.601985271683249,0.0869335912358578,63.5831617649625
345,TRUE,0.897662075447192,-0.486441478712439,-0.804514004916517,-0.158625163391576,59.2092252704275,-0.538859710397567,-0.917039913753497,-0.119442147538935,40.7196772059615,-0.516672834667098,-0.911519920399195,-0.206951543808882,56.0789470579945
346,TRUE,0.835581712532303,-0.380863540919978,-0.710810158640042,-0.0558294947679775,56.5282817615275,-0.34195551534403,-0.700337422511406,-0.00464907257990162,40.4068056659131,-0.31854152855623,-0.658799924094831,-0.0308784300557499,58.6276091847684
347,TRUE,0.934964342359428,-0.268080652582501,-0.573900915405559,0.0338907053618322,59.6611251606228,-0.276582681755772,-0.671329511065284,0.101584471892169,39.6796748043349,-0.234772132113385,-0.552424226303039,0.0704739687376706,55.5818379885469
348,TRUE,1.00054571764909,-0.428062874533696,-0.842438148837959,-0.0735321529998292,58.1381516117031,-0.379650201576217,-0.833942208597386,-0.0291484039303754,46.2193924486593,-0.438251919255403,-0.811209401978408,-0.077938738390676,64.8194796646779
349,TRUE,0.896422263713663,-0.420626315218346,-0.723958887722769,-0.127806773827482,60.8049697927966,-0.402920608201828,-0.779316412443768,-0.0416850650322579,42.3317455077164,-0.358734759816875,-0.662201978696752,-0.0888737363362106,59.3884702940537
350,FALSE,0.79664419631438,NA,NA,NA,NA,NA,NA,NA,NA,NA,NA,NA,NA
