"rep","accepted","calibration_hr","est_g","lo_g","hi_g","est_j","lo_j","hi_j","est_i","lo_i","hi_i","sum_g","sum_j","sum_i"
1,TRUE,0.998703440958146,-0.585673161411974,-0.991781726392496,-0.260857075542515,-0.546914104519926,-1.11840207434197,-0.137589300777331,-0.547954143252996,-1.0241327076119,-0.182015382703956,57.0190961854546,41.7808947337599,59.4670382604249
2,TRUE,1.0306934353968,-0.120311998280829,-0.454090909654118,0.174119603370552,-0.13339602763596,-0.626614770976594,0.214066206918577,-0.161929197486864,-0.546240565355742,0.191272444082582,53.1873109164742,40.3906664070764,56.5489040378758
3,TRUE,0.844416333422109,-0.228466964449851,-0.612489283139186,0.12529205897141,-0.294811140509262,-0.683770574203031,0.0801200996148397,-0.303652054280655,-0.682478774284678,-0.0236605318114954,57.5666765601724,43.1802864586929,59.9267833402243
4,TRUE,0.94577189066027,-0.236907722594737,-0.606794328783572,0.0787527108474706,-0.153096052959283,-0.544807006463869,0.208218491132849,-0.185674451515603,-0.59914986378289,0.124162398140977,53.0462029326875,36.0215117299997,55.7504328830724
5,TRUE,1.16279371702006,-0.188726518955716,-0.55603809390395,0.125550066817597,-0.202443086107057,-0.57924990444487,0.183990283698716,-0.156616476438683,-0.506478400668144,0.190259340603244,60.709033105271,46.1178886152083,62.1310024135594
6,FALSE,0.74740576677869,NA,NA,NA,NA,NA,NA,NA,NA,NA,NA,NA,NA
7,TRUE,1.10649800382539,-0.600993332484348,-0.964058889099102,-0.255929409606782,-0.56624521653691,-1.0243627612757,-0.185665199273477,-0.633981901530927,-1.02925210325217,-0.23518468806486,57.5399331705443,39.8031689488789,56.4227698099385
8,TRUE,1.05320270435931,-0.212774288211072,-0.585842749062987,0.119033963322016,-0.155041485775137,-0.561543695898599,0.254810900712008,-0.222425906540374,-0.528964770791412,0.11613390026997,56.8844821026241,41.6194731743769,58.9276241997476
9,FALSE,0.776777468100512,NA,NA,NA,NA,NA,NA,NA,NA,NA,NA,NA,NA
10,TRUE,1.11971894734117,-0.422510863493751,-0.770681403622387,-0.0683645493019754,-0.419310057896397,-0.908740197367623,-0.0654415674495077,-0.455771206523679,-0.842128468431711,-0.117846462261513,58.7372922559734,41.904576304724,60.7670077000515
11,TRUE,1.14664598783239,-0.309322392570346,-0.698242760501136,0.0537799174564734,-0.419046931791568,-0.87982855974414,-0.0290182404783005,-0.32920687499144,-0.678579933235015,0.034135701970535,54.8012539883675,38.8954056645903,55.3598012208269
12,TRUE,1.01410489004263,-0.357451743324254,-0.693643029898199,-0.0161654462457095,-0.172688711625956,-0.54869210487579,0.157010592218372,-0.245162420930515,-0.638561111913998,0.0644595114481565,56.8185881095278,39.4339003038873,56.1739829930658
13,TRUE,0.823572626078167,-0.233129159245021,-0.560509330657294,0.12930139591029,-0.0969073833981401,-0.578401675053705,0.273309244543086,-0.129086881421647,-0.492697284968996,0.179138115621488,58.362901615812,40.3175474435795,57.7856457383893
14,TRUE,1.03520772880097,-0.630418224429972,-0.985034735190929,-0.280038691914553,-0.457739824310428,-0.943713517705031,0.00502272373718147,-0.476549048725721,-0.823606400173656,-0.132463381627124,55.0000430435119,39.673624400745,58.9057975044586
15,TRUE,0.877340470033573,-0.266585271038878,-0.613010154543344,0.106827426570417,-0.259183257116997,-0.658772495902915,0.109711764166649,-0.290769368358545,-0.630255054631373,0.00514066751035854,58.9627114366922,44.4922322832612,61.3676788119983
16,TRUE,1.08670882329491,-0.369893567914385,-0.687053325943385,-0.0480907405838886,-0.320402141811701,-0.712383117340419,0.0468304451653687,-0.321618771016125,-0.717389818408514,0.0273992637036395,56.9213601802929,41.2076901863249,58.2597260340727
17,TRUE,1.00694373125939,-0.56589065209775,-0.881676343158651,-0.210934246244046,-0.570345125893962,-1.00095191518246,-0.176271716762942,-0.576800415863631,-0.914490279289257,-0.248131334169158,59.9805251852665,45.1106513859433,61.6115057321512
18,TRUE,0.845679490820817,-0.475301757488194,-0.841704227928106,-0.100354861755469,-0.51137438182952,-0.955581901899434,-0.125129126144208,-0.510427757962216,-0.95329334384929,-0.174072218859493,58.3339073970047,43.4804456307336,60.9891183033511
19,TRUE,1.14052711001767,-0.729292022085905,-1.15236223368381,-0.382061915004279,-0.722334792410291,-1.22017121081044,-0.304624243753264,-0.692470193343176,-1.11976149957184,-0.315715390334918,57.2693154219822,45.5802432567158,64.0283739485306
20,TRUE,0.991563983102829,-0.407643892032598,-0.803433123189983,-0.117594085303396,-0.46582698807205,-0.984864489436942,-0.0906381169543019,-0.457459992864215,-0.849903138458201,-0.15926067610088,58.4443199992416,42.4374959283656,62.3377652636909
21,TRUE,0.934482734606041,-0.223881736170742,-0.614314732851926,0.106033484870559,-0.28875501484383,-0.716789139533514,0.0641998738572897,-0.234233184192682,-0.620432468502477,0.143589965383662,55.3589790314361,45.0329996445736,61.4747329334054
22,TRUE,0.923568286254953,-0.644465081401985,-0.979408116628149,-0.287602624276182,-0.720584965698154,-1.15306141386362,-0.335973826245913,-0.712044980941281,-1.13354763293608,-0.359226687715581,58.8980346177347,44.6644650744147,60.1012132550691
23,TRUE,0.86551285761768,-0.586227399862714,-0.988249625163906,-0.273785889999644,-0.606480984018976,-1.0391282832058,-0.237376354386144,-0.583198375220941,-0.98111174174622,-0.288162771779876,58.0805910888036,38.5889511524468,57.4415949160908
24,TRUE,1.07781907871529,-0.372235431688524,-0.714671110879877,0.0046505105183563,-0.350632050651031,-0.702079931511983,0.0416029363487964,-0.323724288420349,-0.721797996702,-0.021552402313054,55.6754034527217,41.908417796323,59.2832007078203
25,TRUE,0.991890212638511,-0.443519570565412,-0.827475665080168,-0.0980220394285436,-0.512545071320703,-1.00580089829297,-0.136527724466766,-0.511155128437103,-0.878994825998121,-0.19437235346565,57.2637539610988,43.599057968779,62.4316596853879
26,TRUE,0.986834241646284,-0.303086218418622,-0.653018356574371,0.0318446820601095,-0.251750999579845,-0.644452152468372,0.121366611049893,-0.311466794239738,-0.587542084270213,0.0101683395681477,58.3133482890147,41.3618501770092,58.7492331920866
27,FALSE,0.782187595582082,NA,NA,NA,NA,NA,NA,NA,NA,NA,NA,NA,NA
28,TRUE,0.959214208317764,-0.233196240048033,-0.588121251191774,0.0171736054084711,-0.270066851001288,-0.651469265360646,0.132906240216086,-0.219807475130853,-0.584425675215416,0.0939172010459191,57.0906183353801,42.0424837118359,61.0361579037898
29,TRUE,1.11132753217267,0.00849458450240989,-0.355710629545637,0.31262565810965,-0.0025471943107241,-0.41441161993203,0.395118885045503,-0.0387216403208726,-0.344756147749732,0.266066513913708,54.8705460239302,40.2334958492592,59.95725475435
30,TRUE,1.15780347758196,-0.285646786289188,-0.652527070424575,0.00742378565939197,-0.360493163295153,-0.794809259788498,0.0177798340010173,-0.268686286048944,-0.648658929584605,0.00728852003376435,59.6380048963211,42.9872457602004,60.9482209340878
31,TRUE,1.00989786099312,-0.482202008674533,-0.821988184829029,-0.163057627781091,-0.508911036059463,-0.933442494410662,-0.134694289228219,-0.472918708177017,-0.82549920662175,-0.218364425204903,57.9749105415671,40.9963947378553,61.5863569504765
32,TRUE,1.19836932864894,-0.538992674427791,-1.00402120323069,-0.187278188220003,-0.634738227591541,-1.17051042681118,-0.17728820457095,-0.671938987872047,-1.10834257190193,-0.370048278270564,54.9363700085092,42.8562234213267,59.4351768162641
33,TRUE,0.956656152669031,-0.499551116087273,-0.932226224686509,-0.14087548794649,-0.577121156858796,-1.08409305627656,-0.153596032405182,-0.537382665199016,-0.984573767857886,-0.219937549548754,57.2332326045153,39.5277358158839,56.6696244291472
34,TRUE,0.965119456381111,-0.475519155159938,-0.797804890980568,-0.100511305616031,-0.508692943267356,-0.935131744729534,-0.130805474837462,-0.488686161349423,-0.88782188864767,-0.173843513943837,57.6061197515553,42.2923008590822,60.0925742325816
35,TRUE,0.973340174339974,-0.282769232187233,-0.686724522103177,0.0637155012512174,-0.426634011290561,-0.867235903290169,-0.0826180728390073,-0.40167731489728,-0.789207587764631,-0.0719283331659828,57.319636324025,40.7195208059588,61.6365177654505
36,TRUE,0.94076042126843,-0.338156371172391,-0.762070025972789,-0.0173880493570962,-0.339471527205992,-0.773488421879121,0.0599804215218483,-0.370458928868015,-0.731236311427372,-0.0568702285574605,58.8204468090333,43.914493397207,60.8787831834477
37,TRUE,1.15833997348061,-0.258091093332644,-0.675146796850626,0.0835594369255779,-0.265758123139769,-0.720243368081752,0.124378003211908,-0.299044975629829,-0.661595784351815,0.0329808289016432,56.7891057228288,41.3687573387353,61.3534357360865
38,FALSE,0.714710621645519,NA,NA,NA,NA,NA,NA,NA,NA,NA,NA,NA,NA
39,TRUE,0.993202784537848,-0.0024784583862774,-0.325175425693037,0.246171713409229,-0.0291382550743289,-0.403796993493188,0.30300608500779,-0.035832255835749,-0.371133808032473,0.255855742433383,59.965751901627,41.929023408191,58.5020896741798
40,TRUE,0.9995435321953,-0.442506516203534,-0.879151101993553,-0.117955835895191,-0.50554406023087,-1.05468161242507,-0.0827291695103823,-0.432141067231885,-0.829999171784217,-0.0693770731003248,57.8646558631632,40.4391596472723,60.8432339985312
41,TRUE,1.07652193218507,-0.330353892069018,-0.675610400332593,0.0116838623218557,-0.448164728930324,-0.90070025194884,-0.0241209942605967,-0.463953283802507,-0.891611493966328,-0.142087957534165,60.3235709328932,40.3179305962981,56.0767338690299
42,TRUE,0.842045516709922,-0.486776452766337,-0.882576168212189,-0.0869357130225793,-0.431479926677825,-0.885157908808254,-0.00031672697904802,-0.432489618659654,-0.868574972727855,-0.0851721842876145,55.0851742821937,42.3461697134588,59.8341559263994
43,TRUE,1.01691605864614,-0.495227538019074,-0.821712437918492,-0.198724892429762,-0.481937976318898,-0.900133976110898,-0.133603421326498,-0.530487479672728,-0.878421809654753,-0.244217016610006,58.336072908443,42.9103200001169,61.0155952454089
44,TRUE,0.859651097489969,-0.14723559354962,-0.475315754733374,0.141717238046922,-0.176850167691171,-0.614625212659879,0.253873125558156,-0.180341431005576,-0.530258270957955,0.154421685614739,56.8897888408826,42.1160424948869,61.1237825498751
45,TRUE,1.06995544692923,-0.45157976727754,-0.815308445782282,-0.128062952647486,-0.449280199486464,-0.85123070268659,-0.111564570054223,-0.465418832337727,-0.800796753542937,-0.165896875093315,56.8053639475125,37.8935839290778,57.4092977714215
46,FALSE,0.773333119466251,NA,NA,NA,NA,NA,NA,NA,NA,NA,NA,NA,NA
47,TRUE,0.87852400483734,-0.497376282042254,-0.863311331352862,-0.206659742728101,-0.529952081059901,-0.983909380554539,-0.174022203908156,-0.516436531693846,-0.87006983855676,-0.216072837065122,58.9002000402028,44.8365090291778,62.6250055658706
48,TRUE,1.10103035987056,-0.197817253753586,-0.499005483285998,0.0951985229493489,-0.198626626987911,-0.569155995306035,0.150610346539625,-0.180289543472547,-0.518536215361511,0.113639615758976,58.3290848374189,39.1270171878976,58.3077866812554
49,TRUE,0.948302852885636,-0.501135685159293,-0.901573081709146,-0.182501753700759,-0.611372663243439,-1.080154340693,-0.259233231839383,-0.636255437952811,-1.02626630322298,-0.281632429475112,56.5955374632329,40.3836750447628,57.9503021606719
50,TRUE,1.0125326725086,-0.442676719043168,-0.866078239412304,-0.128808123287742,-0.378275172661099,-0.861808536438439,0.00944754658149127,-0.428719508155144,-0.826633121812391,-0.0813827582435317,55.6848042864203,43.0780300240619,57.1029671498725
51,TRUE,1.08080671137334,-0.57175624973003,-0.93278643410874,-0.2388638182222,-0.542684897012202,-0.962841487100041,-0.164104027608648,-0.57799047850047,-0.914181783390639,-0.186512557801512,51.9413028232096,36.8377579591444,53.9427106396951
52,TRUE,1.00611410390199,-0.192385333229374,-0.601136843328214,0.167729116049563,-0.168455581129585,-0.565490477714499,0.206403505404312,-0.190914619019376,-0.605780984467049,0.133955469726641,58.1988394044959,44.749277541832,62.5876687505113
53,TRUE,1.06093420940162,-0.169302515404429,-0.466453290506804,0.184353658416678,-0.0382167679916058,-0.438985885817229,0.313278368133705,-0.0261692529416943,-0.355063995256779,0.322401252963319,58.1436029644151,40.77366137776,58.3477242918032
54,FALSE,0.759139075439438,NA,NA,NA,NA,NA,NA,NA,NA,NA,NA,NA,NA
55,TRUE,0.993660921726404,-0.503917449664705,-0.925156832901615,-0.199978155007652,-0.686782750013459,-1.2111152330031,-0.21580822807766,-0.63511065490298,-1.06320578481324,-0.323176646225669,58.0131681857864,38.348624269511,56.3808699083696
56,TRUE,0.970907475522031,-0.4413291286594,-0.845679009787916,-0.109032942858534,-0.385611634012964,-0.966442741210156,0.0202697279249488,-0.375082647781055,-0.851799602626626,-0.0568103213112387,55.5405765331172,39.5923988358861,55.8274962394861
57,TRUE,0.887502220593797,-0.39344733693682,-0.798549235728946,-0.0537449322642195,-0.441034040075934,-0.872405230214311,-0.063316432790564,-0.485563899730929,-0.937198891283774,-0.115193042569574,56.7537088080425,42.3594529879836,59.2431239418853
58,TRUE,0.842112389771136,-0.233851184653286,-0.572866654678137,0.0603819619609327,-0.259680640152309,-0.713735010617976,0.138138368808794,-0.263629773807847,-0.553235849696277,0.0734780624443445,59.8789963158016,44.6445614891591,62.8143115353659
59,TRUE,1.09983778373635,-0.253473086865576,-0.568385008307217,0.0878468394565965,-0.103887897152379,-0.527252719662112,0.267750704443171,-0.133622887557423,-0.487475596660147,0.130004286583363,55.5091564005705,43.3761017247805,60.5560700167659
60,FALSE,0.754571165205154,NA,NA,NA,NA,NA,NA,NA,NA,NA,NA,NA,NA
61,TRUE,1.13161702152982,-0.364989574699564,-0.68248232604339,-0.03976841507995,-0.357308301517612,-0.793940156554417,0.0306738040138916,-0.357228704221136,-0.720002963035436,-0.011009939960253,56.4497675242233,45.9358022646212,63.3738882154041
62,TRUE,0.871052239139964,-0.424216410022015,-0.75709958366961,-0.131316725656811,-0.480047150461299,-0.929536709431434,-0.0868306088094362,-0.478301328232123,-0.832160813987766,-0.195356566276796,54.9999349547104,38.002310647606,57.4636309380433
63,TRUE,0.94184712959973,-0.393946472616003,-0.810789870154957,-0.0799850705905515,-0.379942296898848,-0.802198586558303,-0.0487584105179747,-0.334249294423149,-0.7309100402096,0.0205211454778062,58.5914927360334,39.4944606683592,56.382579266526
64,TRUE,0.945210516697198,-0.44913001726878,-0.804843298328137,-0.106719576247565,-0.491408031414341,-0.923290244866171,-0.119754657442374,-0.486244282275945,-0.868047394429604,-0.199273993057425,58.7846397785424,41.2828477562957,58.2603467562216
65,TRUE,1.01418788055365,-0.444183289584394,-0.79679040405939,-0.151664296556958,-0.470897306777935,-0.905479726697218,-0.124776938054246,-0.490167319718961,-0.842609714313973,-0.146776778836416,55.4027323090601,40.3242512325664,56.0864249145049
66,TRUE,0.951635286055816,-0.438461196467906,-0.837569294030425,-0.0654477159319668,-0.426801524773477,-0.865023892680018,-0.0464802344567296,-0.464686812229905,-0.863112084838623,-0.144504835943561,56.4642560451162,40.8432224958774,58.688107575677
67,FALSE,0.794348779504373,NA,NA,NA,NA,NA,NA,NA,NA,NA,NA,NA,NA
68,FALSE,1.20864887105561,NA,NA,NA,NA,NA,NA,NA,NA,NA,NA,NA,NA
69,TRUE,1.198273528862,-0.73692153451963,-1.1682389749089,-0.357850177091929,-0.638645494968023,-1.14202255701553,-0.197489155872285,-0.690171681063053,-1.09061608840838,-0.341981415552308,54.2985226641799,39.6986368839899,56.5414718309006
70,TRUE,0.896981358532426,-0.442450853434682,-0.773632663143893,-0.118408608401586,-0.501780708627647,-1.02146123848675,-0.0995961695294047,-0.496419001634172,-0.888492676248796,-0.166622783817089,53.7884477023914,40.4277086699628,56.9895854910781
71,TRUE,0.915533853075703,-0.330248957165287,-0.688664780792292,-0.00277746592963651,-0.367916705439184,-0.824877724330929,-0.0317525340763452,-0.402071191729247,-0.725014881549494,-0.0935634218157681,56.614265193257,42.8804345002604,60.2706674505101
72,FALSE,0.781018021888843,NA,NA,NA,NA,NA,NA,NA,NA,NA,NA,NA,NA
73,TRUE,0.94461151679719,-0.2357487582782,-0.573088293294841,0.0864055339646853,-0.209655567761466,-0.645710350303867,0.176551239723022,-0.230202785574937,-0.559993724326779,0.0926219804856622,54.6113601631276,42.2604419616913,60.5570346383207
74,TRUE,1.04345585470601,-0.602617716072546,-1.06631911361497,-0.292780570667034,-0.59920227272396,-1.10892384403515,-0.255750057071119,-0.60094125865571,-1.00982880224315,-0.227355666903509,60.3713817823688,42.907992193435,61.0821610242953
75,TRUE,0.803745889923732,-0.38832308112859,-0.793487001027095,-0.0669136005648785,-0.564298036019538,-1.01861576097994,-0.133495629220088,-0.465378053602284,-0.830909645269353,-0.117327053362141,57.0271261633668,40.4863054878669,56.9510035205114
76,TRUE,0.86075115742463,-0.520251815799633,-0.942097960030815,-0.177136039173421,-0.500927398787693,-0.930719309165408,-0.154130060993118,-0.461488209665643,-0.888883797551928,-0.160589034444158,61.8258614410031,45.324284895255,63.5872204187295
77,TRUE,0.889598327855305,-0.147690713180377,-0.522104372038595,0.145103490171883,-0.100450322376224,-0.494894069249545,0.258479801782601,-0.178830153614306,-0.500556072122919,0.135779503236443,54.9941350267736,39.3901194581382,56.2702600009263
78,TRUE,0.962967896816789,-0.290272476401026,-0.641082779624976,0.0403550308552401,-0.428100985930063,-0.881246438747973,-0.00845583159066767,-0.297714960228462,-0.76941351863342,0.0790122116988177,60.7506735438696,44.3272859442864,61.4943379040193
79,FALSE,0.793947720532207,NA,NA,NA,NA,NA,NA,NA,NA,NA,NA,NA,NA
80,TRUE,0.869802556999248,-0.218728767479023,-0.561140809535163,0.058525577361537,-0.106419608707167,-0.523194851382607,0.270826842817988,-0.134274479601554,-0.488130846402704,0.137979678278179,57.6747178472016,40.2082070574236,57.7797291997399
81,TRUE,0.869940226554508,-0.565520666279685,-0.929629476720487,-0.244157154938202,-0.696013043599695,-1.18043732773507,-0.214443222715809,-0.601624580240112,-1.00122772886232,-0.274502212763584,62.23535613064,41.664512192993,60.2165105046132
82,FALSE,0.759891827939361,NA,NA,NA,NA,NA,NA,NA,NA,NA,NA,NA,NA
83,TRUE,0.910176497022319,-0.488235479089602,-0.822613362310915,-0.119220790961584,-0.466195651222821,-0.958201038736757,-0.126912373140326,-0.493285547413369,-0.836487782633854,-0.165490903921735,57.4929803517403,41.6623857592989,59.563861747107
84,TRUE,0.838066713032216,-0.552072295065215,-0.899898615661766,-0.256184536250193,-0.610464925927998,-1.06519585967583,-0.203084712591575,-0.609977785970326,-1.0671367927634,-0.189058635351691,56.077118268454,41.54379019069,56.9533596707647
85,TRUE,0.987821084662315,-0.487767104637953,-0.858248027961979,-0.151588768547527,-0.518538613166388,-1.02048965314386,-0.0992403434106006,-0.540936205378117,-0.908093490974987,-0.207736910793932,55.5886701329641,39.9345342034581,56.0363556402709
86,FALSE,1.26932626960426,NA,NA,NA,NA,NA,NA,NA,NA,NA,NA,NA,NA
87,TRUE,0.965538255232083,-0.269634679912003,-0.635453409184045,0.0579193769656852,-0.199497835447376,-0.570814899005189,0.155851351756172,-0.208816826208076,-0.538760632602863,0.0819919335522344,58.7334356657642,43.1410145071209,60.5278187332953
88,TRUE,0.860624914578592,-0.334270622028997,-0.674786349838026,0.00813952973853626,-0.32376983813044,-0.784764311770927,0.113323369595504,-0.277798100274704,-0.607219180872888,0.0590777733335863,56.3944300152055,42.8416656570631,59.1516880487306
89,TRUE,0.885763516657824,-0.431696200197911,-0.793709084583923,-0.078320206614153,-0.511872542112859,-0.955645862648516,-0.173368326636924,-0.514518053323909,-0.89095879414848,-0.201301118125527,56.0259063677101,39.1191062198664,57.2577439630612
90,TRUE,0.879114636848878,-0.45683695354987,-0.863032249657922,-0.147787497489778,-0.491656858202303,-0.912904503159922,-0.0742753803343256,-0.475824183223456,-0.948432336520245,-0.143180735273572,55.0159654308587,38.560559941886,53.9407349774873
91,TRUE,0.969565567166297,-0.0681961380902566,-0.440037682007346,0.281603262820247,-0.069904234161723,-0.49816115968098,0.284095726967401,-0.0882270867700543,-0.435004191319927,0.167856212311143,55.3594923938404,44.7737723204901,61.0741481272723
92,TRUE,1.12030319491956,-0.674975377132153,-1.03065676356314,-0.357713339056891,-0.611184509418787,-1.08440413187327,-0.213347837164278,-0.639735813947791,-0.998119337109376,-0.284341240008219,56.7454010458906,38.4882491608513,55.6416773652392
93,TRUE,1.00431258698648,-0.326389283974834,-0.633516082010146,-0.00820274817370596,-0.319577571107948,-0.653020214473757,0.0775858444282182,-0.341571772046458,-0.705088680301096,-0.00674836065463554,57.3105159869994,42.5611932345059,60.3742136509869
94,FALSE,0.687723578467876,NA,NA,NA,NA,NA,NA,NA,NA,NA,NA,NA,NA
95,TRUE,0.876536385208871,-0.663675413334169,-1.03013421665967,-0.331844029498193,-0.542888738799736,-1.02762926349349,-0.161244085724484,-0.617145408360074,-0.976363562282653,-0.250678771906918,55.55225599225,39.8445101693055,59.1378893825663
96,TRUE,1.0082389599133,-0.526590609481203,-0.896233427842059,-0.1474148123001,-0.523890511918121,-0.970801136379377,-0.117215676197195,-0.527285355505259,-0.919885307311361,-0.189887391107267,52.7593779496725,34.4610423270911,53.9976719639258
97,FALSE,1.23955829767126,NA,NA,NA,NA,NA,NA,NA,NA,NA,NA,NA,NA
98,TRUE,0.997998116009471,-0.374068788043467,-0.723477527586771,-0.0607996619115686,-0.410699136115074,-0.833408387644482,0.000956466487537457,-0.385759347715757,-0.768496494463922,-0.0761675574047215,55.3293364224204,41.2114583147507,57.5747387977558
99,TRUE,1.03255145445405,-0.456078478948097,-0.821278159013643,-0.122468108942701,-0.458134194382956,-0.87155173220241,-0.115641717102358,-0.490797681998903,-0.897300220488878,-0.160646496751495,60.086148189376,45.5654588215472,62.8725820643434
100,FALSE,0.786124857279915,NA,NA,NA,NA,NA,NA,NA,NA,NA,NA,NA,NA
