"rep","accepted","calibration_hr","sum_w","est_w","lo_w","hi_w","est_u","lo_u","hi_u","est_j","lo_j","hi_j","sum_w_j","est_ji","lo_ji","hi_ji","sum_w_ji"
1,TRUE,0.998703440958146,57.0190961854546,-0.585673161411974,-0.991781726392496,-0.260857075542515,-0.726552060834741,-1.10345526311121,-0.371612110219045,-0.546914104519926,-1.11840207434197,-0.137589300777331,41.7808947337599,-0.547954143252996,-1.0241327076119,-0.182015382703956,59.4670382604249
2,TRUE,1.0306934353968,53.1873109164742,-0.120311998280829,-0.454090909654118,0.174119603370552,-0.250033831096237,-0.57341157222669,0.0538780424169458,-0.13339602763596,-0.626614770976594,0.214066206918577,40.3906664070764,-0.161929197486864,-0.546240565355742,0.191272444082582,56.5489040378758
3,TRUE,0.844416333422109,57.5666765601724,-0.228466964449851,-0.612489283139186,0.12529205897141,-0.340888718485247,-0.645917801574329,-0.0357801791460576,-0.294811140509262,-0.683770574203031,0.0801200996148397,43.1802864586929,-0.303652054280655,-0.682478774284678,-0.0236605318114954,59.9267833402243
4,TRUE,0.94577189066027,53.0462029326875,-0.236907722594737,-0.606794328783572,0.0787527108474706,-0.227546317205017,-0.528501160806894,0.0279711925035559,-0.153096052959283,-0.544807006463869,0.208218491132849,36.0215117299997,-0.185674451515603,-0.59914986378289,0.124162398140977,55.7504328830724
5,TRUE,1.16279371702006,60.709033105271,-0.188726518955716,-0.55603809390395,0.125550066817597,-0.137730148416318,-0.499188899005634,0.162069510424764,-0.202443086107057,-0.57924990444487,0.183990283698716,46.1178886152083,-0.156616476438683,-0.506478400668144,0.190259340603244,62.1310024135594
6,FALSE,0.74740576677869,NA,NA,NA,NA,NA,NA,NA,NA,NA,NA,NA,NA,NA,NA,NA
7,TRUE,1.10649800382539,57.5399331705443,-0.600993332484348,-0.964058889099102,-0.255929409606782,-0.620144920597489,-0.925117225613372,-0.292776370470175,-0.56624521653691,-1.0243627612757,-0.185665199273477,39.8031689488789,-0.633981901530927,-1.02925210325217,-0.23518468806486,56.4227698099385
8,TRUE,1.05320270435931,56.8844821026241,-0.212774288211072,-0.585842749062987,0.119033963322016,-0.236362199284159,-0.60443260514288,0.074365323768414,-0.155041485775137,-0.561543695898599,0.254810900712008,41.6194731743769,-0.222425906540374,-0.528964770791412,0.11613390026997,58.9276241997476
9,FALSE,0.776777468100512,NA,NA,NA,NA,NA,NA,NA,NA,NA,NA,NA,NA,NA,NA,NA
10,TRUE,1.11971894734117,58.7372922559734,-0.422510863493751,-0.770681403622387,-0.0683645493019754,-0.47422523996333,-0.798488710407331,-0.18693318827552,-0.419310057896397,-0.908740197367623,-0.0654415674495077,41.904576304724,-0.455771206523679,-0.842128468431711,-0.117846462261513,60.7670077000515
11,TRUE,1.14664598783239,54.8012539883675,-0.309322392570346,-0.698242760501136,0.0537799174564734,-0.288919201145363,-0.606874309431083,0.0126564627376852,-0.419046931791568,-0.87982855974414,-0.0290182404783005,38.8954056645903,-0.32920687499144,-0.678579933235015,0.034135701970535,55.3598012208269
12,TRUE,1.01410489004263,56.8185881095278,-0.357451743324254,-0.693643029898199,-0.0161654462457095,-0.358253394524664,-0.705803803259903,-0.0665036680169624,-0.172688711625956,-0.54869210487579,0.157010592218372,39.4339003038873,-0.245162420930515,-0.638561111913998,0.0644595114481565,56.1739829930658
13,TRUE,0.823572626078167,58.362901615812,-0.233129159245021,-0.560509330657294,0.12930139591029,-0.19711574120817,-0.52400176775184,0.0907244241536265,-0.0969073833981401,-0.578401675053705,0.273309244543086,40.3175474435795,-0.129086881421647,-0.492697284968996,0.179138115621488,57.7856457383893
14,TRUE,1.03520772880097,55.0000430435119,-0.630418224429972,-0.985034735190929,-0.280038691914553,-0.525826855022019,-0.887490120950193,-0.230557409918234,-0.457739824310428,-0.943713517705031,0.00502272373718147,39.673624400745,-0.476549048725721,-0.823606400173656,-0.132463381627124,58.9057975044586
15,TRUE,0.877340470033573,58.9627114366922,-0.266585271038878,-0.613010154543344,0.106827426570417,-0.283526776967417,-0.594251119092426,-0.00336131399601382,-0.259183257116997,-0.658772495902915,0.109711764166649,44.4922322832612,-0.290769368358545,-0.630255054631373,0.00514066751035854,61.3676788119983
16,TRUE,1.08670882329491,56.9213601802929,-0.369893567914385,-0.687053325943385,-0.0480907405838886,-0.441868561027514,-0.74875183847754,-0.170950963630346,-0.320402141811701,-0.712383117340419,0.0468304451653687,41.2076901863249,-0.321618771016125,-0.717389818408514,0.0273992637036395,58.2597260340727
17,TRUE,1.00694373125939,59.9805251852665,-0.56589065209775,-0.881676343158651,-0.210934246244046,-0.479277603564782,-0.738056117605538,-0.142865235614367,-0.570345125893962,-1.00095191518246,-0.176271716762942,45.1106513859433,-0.576800415863631,-0.914490279289257,-0.248131334169158,61.6115057321512
18,TRUE,0.845679490820817,58.3339073970047,-0.475301757488194,-0.841704227928106,-0.100354861755469,-0.523039416427271,-0.928405231737936,-0.200537579558111,-0.51137438182952,-0.955581901899434,-0.125129126144208,43.4804456307336,-0.510427757962216,-0.95329334384929,-0.174072218859493,60.9891183033511
19,TRUE,1.14052711001767,57.2693154219822,-0.729292022085905,-1.15236223368381,-0.382061915004279,-0.709143720054781,-1.08649802050934,-0.392000522051841,-0.722334792410291,-1.22017121081044,-0.304624243753264,45.5802432567158,-0.692470193343176,-1.11976149957184,-0.315715390334918,64.0283739485306
20,TRUE,0.991563983102829,58.4443199992416,-0.407643892032598,-0.803433123189983,-0.117594085303396,-0.417896118754759,-0.726095654768347,-0.127279231181859,-0.46582698807205,-0.984864489436942,-0.0906381169543019,42.4374959283656,-0.457459992864215,-0.849903138458201,-0.15926067610088,62.3377652636909
21,TRUE,0.934482734606041,55.3589790314361,-0.223881736170742,-0.614314732851926,0.106033484870559,-0.214293858855235,-0.518135468957458,0.0724587485764779,-0.28875501484383,-0.716789139533514,0.0641998738572897,45.0329996445736,-0.234233184192682,-0.620432468502477,0.143589965383662,61.4747329334054
22,TRUE,0.923568286254953,58.8980346177347,-0.644465081401985,-0.979408116628149,-0.287602624276182,-0.647733833490475,-0.956303364243573,-0.34719672417946,-0.720584965698154,-1.15306141386362,-0.335973826245913,44.6644650744147,-0.712044980941281,-1.13354763293608,-0.359226687715581,60.1012132550691
23,TRUE,0.86551285761768,58.0805910888036,-0.586227399862714,-0.988249625163906,-0.273785889999644,-0.576267035718208,-0.902474184216454,-0.295344440872608,-0.606480984018976,-1.0391282832058,-0.237376354386144,38.5889511524468,-0.583198375220941,-0.98111174174622,-0.288162771779876,57.4415949160908
24,TRUE,1.07781907871529,55.6754034527217,-0.372235431688524,-0.714671110879877,0.0046505105183563,-0.398494532852299,-0.725977487046884,-0.0753586537565141,-0.350632050651031,-0.702079931511983,0.0416029363487964,41.908417796323,-0.323724288420349,-0.721797996702,-0.021552402313054,59.2832007078203
25,TRUE,0.991890212638511,57.2637539610988,-0.443519570565412,-0.827475665080168,-0.0980220394285436,-0.395969413304098,-0.791250298645899,-0.097138543600024,-0.512545071320703,-1.00580089829297,-0.136527724466766,43.599057968779,-0.511155128437103,-0.878994825998121,-0.19437235346565,62.4316596853879
26,TRUE,0.986834241646284,58.3133482890147,-0.303086218418622,-0.653018356574371,0.0318446820601095,-0.39221744122004,-0.66883085173148,-0.113438266554881,-0.251750999579845,-0.644452152468372,0.121366611049893,41.3618501770092,-0.311466794239738,-0.587542084270213,0.0101683395681477,58.7492331920866
27,FALSE,0.782187595582082,NA,NA,NA,NA,NA,NA,NA,NA,NA,NA,NA,NA,NA,NA,NA
28,TRUE,0.959214208317764,57.0906183353801,-0.233196240048033,-0.588121251191774,0.0171736054084711,-0.255276079963083,-0.539831892805804,0.0362810801551205,-0.270066851001288,-0.651469265360646,0.132906240216086,42.0424837118359,-0.219807475130853,-0.584425675215416,0.0939172010459191,61.0361579037898
29,TRUE,1.11132753217267,54.8705460239302,0.00849458450240989,-0.355710629545637,0.31262565810965,-0.0433687945143483,-0.333183467551627,0.228790903758184,-0.0025471943107241,-0.41441161993203,0.395118885045503,40.2334958492592,-0.0387216403208726,-0.344756147749732,0.266066513913708,59.95725475435
30,TRUE,1.15780347758196,59.6380048963211,-0.285646786289188,-0.652527070424575,0.00742378565939197,-0.290458396215863,-0.623263506508013,-0.0154355876930009,-0.360493163295153,-0.794809259788498,0.0177798340010173,42.9872457602004,-0.268686286048944,-0.648658929584605,0.00728852003376435,60.9482209340878
31,TRUE,1.00989786099312,57.9749105415671,-0.482202008674533,-0.821988184829029,-0.163057627781091,-0.437871706670929,-0.814551086888642,-0.148075397402283,-0.508911036059463,-0.933442494410662,-0.134694289228219,40.9963947378553,-0.472918708177017,-0.82549920662175,-0.218364425204903,61.5863569504765
32,TRUE,1.19836932864894,54.9363700085092,-0.538992674427791,-1.00402120323069,-0.187278188220003,-0.564386300543049,-0.917242912878154,-0.219107734634417,-0.634738227591541,-1.17051042681118,-0.17728820457095,42.8562234213267,-0.671938987872047,-1.10834257190193,-0.370048278270564,59.4351768162641
33,TRUE,0.956656152669031,57.2332326045153,-0.499551116087273,-0.932226224686509,-0.14087548794649,-0.517783912621367,-0.814259802900821,-0.235878739212,-0.577121156858796,-1.08409305627656,-0.153596032405182,39.5277358158839,-0.537382665199016,-0.984573767857886,-0.219937549548754,56.6696244291472
34,TRUE,0.965119456381111,57.6061197515553,-0.475519155159938,-0.797804890980568,-0.100511305616031,-0.391549354571238,-0.703792760629435,-0.0844209069811045,-0.508692943267356,-0.935131744729534,-0.130805474837462,42.2923008590822,-0.488686161349423,-0.88782188864767,-0.173843513943837,60.0925742325816
35,TRUE,0.973340174339974,57.319636324025,-0.282769232187233,-0.686724522103177,0.0637155012512174,-0.395984685608135,-0.70482750697079,-0.0555936534886286,-0.426634011290561,-0.867235903290169,-0.0826180728390073,40.7195208059588,-0.40167731489728,-0.789207587764631,-0.0719283331659828,61.6365177654505
36,TRUE,0.94076042126843,58.8204468090333,-0.338156371172391,-0.762070025972789,-0.0173880493570962,-0.420148813266395,-0.755855870612747,-0.0582316585846392,-0.339471527205992,-0.773488421879121,0.0599804215218483,43.914493397207,-0.370458928868015,-0.731236311427372,-0.0568702285574605,60.8787831834477
37,TRUE,1.15833997348061,56.7891057228288,-0.258091093332644,-0.675146796850626,0.0835594369255779,-0.239204750584844,-0.525543486297544,0.0320193849078521,-0.265758123139769,-0.720243368081752,0.124378003211908,41.3687573387353,-0.299044975629829,-0.661595784351815,0.0329808289016432,61.3534357360865
38,FALSE,0.714710621645519,NA,NA,NA,NA,NA,NA,NA,NA,NA,NA,NA,NA,NA,NA,NA
39,TRUE,0.993202784537848,59.965751901627,-0.0024784583862774,-0.325175425693037,0.246171713409229,0.0310999636197444,-0.28622752205063,0.303123736612444,-0.0291382550743289,-0.403796993493188,0.30300608500779,41.929023408191,-0.035832255835749,-0.371133808032473,0.255855742433383,58.5020896741798
40,TRUE,0.9995435321953,57.8646558631632,-0.442506516203534,-0.879151101993553,-0.117955835895191,-0.368367892163207,-0.751882768290886,-0.00264721516057301,-0.50554406023087,-1.05468161242507,-0.0827291695103823,40.4391596472723,-0.432141067231885,-0.829999171784217,-0.0693770731003248,60.8432339985312
41,TRUE,1.07652193218507,60.3235709328932,-0.330353892069018,-0.675610400332593,0.0116838623218557,-0.405372341371901,-0.748736819161164,-0.11647506667379,-0.448164728930324,-0.90070025194884,-0.0241209942605967,40.3179305962981,-0.463953283802507,-0.891611493966328,-0.142087957534165,56.0767338690299
42,TRUE,0.842045516709922,55.0851742821937,-0.486776452766337,-0.882576168212189,-0.0869357130225793,-0.409139195161257,-0.733995762192186,-0.105676959932919,-0.431479926677825,-0.885157908808254,-0.00031672697904802,42.3461697134588,-0.432489618659654,-0.868574972727855,-0.0851721842876145,59.8341559263994
43,TRUE,1.01691605864614,58.336072908443,-0.495227538019074,-0.821712437918492,-0.198724892429762,-0.556738769342327,-0.85918727301666,-0.228212002322944,-0.481937976318898,-0.900133976110898,-0.133603421326498,42.9103200001169,-0.530487479672728,-0.878421809654753,-0.244217016610006,61.0155952454089
44,TRUE,0.859651097489969,56.8897888408826,-0.14723559354962,-0.475315754733374,0.141717238046922,-0.135952554228471,-0.456953472106082,0.127514676572874,-0.176850167691171,-0.614625212659879,0.253873125558156,42.1160424948869,-0.180341431005576,-0.530258270957955,0.154421685614739,61.1237825498751
45,TRUE,1.06995544692923,56.8053639475125,-0.45157976727754,-0.815308445782282,-0.128062952647486,-0.471822240629669,-0.787635589493661,-0.18925412556422,-0.449280199486464,-0.85123070268659,-0.111564570054223,37.8935839290778,-0.465418832337727,-0.800796753542937,-0.165896875093315,57.4092977714215
46,FALSE,0.773333119466251,NA,NA,NA,NA,NA,NA,NA,NA,NA,NA,NA,NA,NA,NA,NA
47,TRUE,0.87852400483734,58.9002000402028,-0.497376282042254,-0.863311331352862,-0.206659742728101,-0.45986499654685,-0.779150002155433,-0.147734797365012,-0.529952081059901,-0.983909380554539,-0.174022203908156,44.8365090291778,-0.516436531693846,-0.87006983855676,-0.216072837065122,62.6250055658706
48,TRUE,1.10103035987056,58.3290848374189,-0.197817253753586,-0.499005483285998,0.0951985229493489,-0.183092060767737,-0.488908446326469,0.115878208120263,-0.198626626987911,-0.569155995306035,0.150610346539625,39.1270171878976,-0.180289543472547,-0.518536215361511,0.113639615758976,58.3077866812554
49,TRUE,0.948302852885636,56.5955374632329,-0.501135685159293,-0.901573081709146,-0.182501753700759,-0.451341203449513,-0.77867687861807,-0.142360250820815,-0.611372663243439,-1.080154340693,-0.259233231839383,40.3836750447628,-0.636255437952811,-1.02626630322298,-0.281632429475112,57.9503021606719
50,TRUE,1.0125326725086,55.6848042864203,-0.442676719043168,-0.866078239412304,-0.128808123287742,-0.513637482373753,-0.822722958336682,-0.190818124449283,-0.378275172661099,-0.861808536438439,0.00944754658149127,43.0780300240619,-0.428719508155144,-0.826633121812391,-0.0813827582435317,57.1029671498725
