"Overlap","Size","Method","Bias","ACIL","Coverage"
"No overlap","Small","Pooled (unadj)","-0.674","0.699","1.8"
"No overlap","Small","PSC full","+0.046","0.803","94.5"
"No overlap","Small","SC full","+0.071","0.902","84.5"
"No overlap","Medium","Pooled (unadj)","-0.686","0.576","0.0"
"No overlap","Medium","PSC full","+0.048","0.656","92.7"
"No overlap","Medium","SC full","+0.066","0.735","82.0"
"No overlap","Large","Pooled (unadj)","-0.688","0.501","0.0"
"No overlap","Large","PSC full","+0.055","0.576","94.0"
"No overlap","Large","SC full","+0.062","0.635","79.9"
"Moderate overlap","Small","Pooled (unadj)","-0.280","0.647","61.4"
"Moderate overlap","Small","PSC full","+0.005","0.637","91.9"
"Moderate overlap","Small","SC full","+0.084","0.840","97.4"
"Moderate overlap","Medium","Pooled (unadj)","-0.287","0.533","42.9"
"Moderate overlap","Medium","PSC full","+0.015","0.523","92.2"
"Moderate overlap","Medium","SC full","+0.083","0.685","96.5"
"Moderate overlap","Large","Pooled (unadj)","-0.288","0.464","32.0"
"Moderate overlap","Large","PSC full","+0.017","0.455","90.9"
"Moderate overlap","Large","SC full","+0.085","0.593","95.3"
"Large overlap","Small","Pooled (unadj)","+0.077","0.620","93.8"
"Large overlap","Small","PSC full","-0.061","0.589","90.3"
"Large overlap","Small","SC full","+0.064","0.813","98.6"
"Large overlap","Medium","Pooled (unadj)","+0.075","0.510","91.9"
"Large overlap","Medium","PSC full","-0.054","0.480","89.3"
"Large overlap","Medium","SC full","+0.062","0.662","99.0"
"Large overlap","Large","Pooled (unadj)","+0.078","0.444","89.4"
"Large overlap","Large","PSC full","-0.042","0.418","90.1"
"Large overlap","Large","SC full","+0.070","0.574","99.1"
