"Design","Method","Sample size","Overlap","Mean (se)","ACIL","Coverage","Bias"
"Fully synthetic","Unadjusted Cox","Small","Small","−1.031 (0.178)","0.699","1.8","−0.674"
"Fully synthetic","Unadjusted Cox","Small","Medium","−0.636 (0.165)","0.647","61.4","−0.280"
"Fully synthetic","Unadjusted Cox","Small","Large","−0.280 (0.158)","0.620","93.8","0.077"
"Fully synthetic","Unadjusted Cox","Medium","Small","−1.043 (0.147)","0.576","0.0","−0.686"
"Fully synthetic","Unadjusted Cox","Medium","Medium","−0.643 (0.136)","0.533","42.9","−0.287"
"Fully synthetic","Unadjusted Cox","Medium","Large","−0.282 (0.130)","0.510","91.9","0.075"
"Fully synthetic","Unadjusted Cox","Large","Small","−1.044 (0.128)","0.501","0.0","−0.688"
"Fully synthetic","Unadjusted Cox","Large","Medium","−0.645 (0.118)","0.464","32.0","−0.288"
"Fully synthetic","Unadjusted Cox","Large","Large","−0.279 (0.113)","0.444","89.4","0.078"
"Fully synthetic","Personalised Synthetic Controls","Small","Small","−0.311 (0.205)","0.803","94.5","0.046"
"Fully synthetic","Personalised Synthetic Controls","Small","Medium","−0.351 (0.166)","0.637","91.9","0.005"
"Fully synthetic","Personalised Synthetic Controls","Small","Large","−0.417 (0.154)","0.589","90.3","−0.061"
"Fully synthetic","Personalised Synthetic Controls","Medium","Small","−0.309 (0.169)","0.656","92.7","0.048"
"Fully synthetic","Personalised Synthetic Controls","Medium","Medium","−0.342 (0.136)","0.523","92.2","0.015"
"Fully synthetic","Personalised Synthetic Controls","Medium","Large","−0.410 (0.125)","0.480","89.3","−0.054"
"Fully synthetic","Personalised Synthetic Controls","Large","Small","−0.301 (0.149)","0.576","94.0","0.055"
"Fully synthetic","Personalised Synthetic Controls","Large","Medium","−0.339 (0.118)","0.455","90.9","0.017"
"Fully synthetic","Personalised Synthetic Controls","Large","Large","−0.398 (0.109)","0.418","90.1","−0.042"
"Fully synthetic","Synthetic Controls","Small","Small","−0.286 (0.230)","0.902","84.5","0.071"
"Fully synthetic","Synthetic Controls","Small","Medium","−0.273 (0.214)","0.840","97.4","0.084"
"Fully synthetic","Synthetic Controls","Small","Large","−0.293 (0.207)","0.813","98.6","0.064"
"Fully synthetic","Synthetic Controls","Medium","Small","−0.291 (0.187)","0.735","82.0","0.066"
"Fully synthetic","Synthetic Controls","Medium","Medium","−0.274 (0.175)","0.685","96.5","0.083"
"Fully synthetic","Synthetic Controls","Medium","Large","−0.295 (0.169)","0.662","99.0","0.062"
"Fully synthetic","Synthetic Controls","Large","Small","−0.294 (0.162)","0.635","79.9","0.062"
"Fully synthetic","Synthetic Controls","Large","Medium","−0.272 (0.151)","0.593","95.3","0.085"
"Fully synthetic","Synthetic Controls","Large","Large","−0.287 (0.146)","0.574","99.1","0.070"
"Fully synthetic","Bayesian Case-Weighted","Small","Small","−0.288 (0.220)","0.863","76.3","0.069"
"Fully synthetic","Bayesian Case-Weighted","Small","Medium","−0.253 (0.210)","0.822","91.4","0.103"
"Fully synthetic","Bayesian Case-Weighted","Small","Large","−0.305 (0.205)","0.802","97.6","0.051"
"Fully synthetic","Bayesian Case-Weighted","Medium","Small","−0.281 (0.179)","0.702","72.1","0.076"
"Fully synthetic","Bayesian Case-Weighted","Medium","Medium","−0.255 (0.171)","0.670","90.3","0.102"
"Fully synthetic","Bayesian Case-Weighted","Medium","Large","−0.307 (0.167)","0.653","97.8","0.049"
"Fully synthetic","Bayesian Case-Weighted","Large","Small","−0.270 (0.155)","0.608","70.5","0.087"
"Fully synthetic","Bayesian Case-Weighted","Large","Medium","−0.251 (0.148)","0.580","87.9","0.106"
"Fully synthetic","Bayesian Case-Weighted","Large","Large","−0.303 (0.144)","0.566","97.6","0.054"
"Partially synthetic","Unadjusted Cox","Small","Small","−0.269 (0.325)","1.273","94.5","0.088"
"Partially synthetic","Unadjusted Cox","Small","Medium","−0.280 (0.306)","1.201","94.4","0.077"
"Partially synthetic","Unadjusted Cox","Small","Large","−0.328 (0.300)","1.175","94.7","0.029"
"Partially synthetic","Unadjusted Cox","Medium","Small","−0.281 (0.264)","1.034","93.6","0.075"
"Partially synthetic","Unadjusted Cox","Medium","Medium","−0.276 (0.248)","0.973","94.3","0.080"
"Partially synthetic","Unadjusted Cox","Medium","Large","−0.327 (0.242)","0.948","95.7","0.030"
"Partially synthetic","Unadjusted Cox","Large","Small","−0.294 (0.228)","0.894","94.1","0.063"
"Partially synthetic","Unadjusted Cox","Large","Medium","−0.266 (0.214)","0.838","93.4","0.091"
"Partially synthetic","Unadjusted Cox","Large","Large","−0.307 (0.208)","0.816","94.7","0.049"
"Partially synthetic","Personalised Synthetic Controls","Small","Small","−0.333 (0.283)","1.085","94.0","0.024"
"Partially synthetic","Personalised Synthetic Controls","Small","Medium","−0.342 (0.242)","0.929","93.4","0.015"
"Partially synthetic","Personalised Synthetic Controls","Small","Large","−0.410 (0.228)","0.870","92.1","−0.054"
"Partially synthetic","Personalised Synthetic Controls","Medium","Small","−0.325 (0.230)","0.882","93.2","0.031"
"Partially synthetic","Personalised Synthetic Controls","Medium","Medium","−0.340 (0.196)","0.746","92.5","0.017"
"Partially synthetic","Personalised Synthetic Controls","Medium","Large","−0.407 (0.184)","0.703","92.0","−0.050"
"Partially synthetic","Personalised Synthetic Controls","Large","Small","−0.325 (0.200)","0.773","94.2","0.032"
"Partially synthetic","Personalised Synthetic Controls","Large","Medium","−0.332 (0.170)","0.655","92.8","0.025"
"Partially synthetic","Personalised Synthetic Controls","Large","Large","−0.389 (0.159)","0.612","92.5","−0.032"
"Partially synthetic","Synthetic Controls","Small","Small","−0.232 (0.285)","1.118","91.3","0.125"
"Partially synthetic","Synthetic Controls","Small","Medium","−0.235 (0.266)","1.041","94.8","0.122"
"Partially synthetic","Synthetic Controls","Small","Large","−0.279 (0.257)","1.008","95.5","0.078"
"Partially synthetic","Synthetic Controls","Medium","Small","−0.247 (0.232)","0.909","90.1","0.110"
"Partially synthetic","Synthetic Controls","Medium","Medium","−0.242 (0.216)","0.846","92.7","0.115"
"Partially synthetic","Synthetic Controls","Medium","Large","−0.286 (0.209)","0.817","96.9","0.071"
"Partially synthetic","Synthetic Controls","Large","Small","−0.256 (0.201)","0.788","90.5","0.101"
"Partially synthetic","Synthetic Controls","Large","Medium","−0.233 (0.187)","0.732","92.7","0.123"
"Partially synthetic","Synthetic Controls","Large","Large","−0.273 (0.180)","0.707","95.3","0.084"
"Partially synthetic","Bayesian Case-Weighted","Small","Small","−0.290 (0.281)","1.100","90.9","0.067"
"Partially synthetic","Bayesian Case-Weighted","Small","Medium","−0.273 (0.263)","1.031","94.4","0.084"
"Partially synthetic","Bayesian Case-Weighted","Small","Large","−0.337 (0.255)","0.998","94.0","0.020"
"Partially synthetic","Bayesian Case-Weighted","Medium","Small","−0.297 (0.228)","0.892","88.5","0.060"
"Partially synthetic","Bayesian Case-Weighted","Medium","Medium","−0.276 (0.213)","0.835","92.7","0.080"
"Partially synthetic","Bayesian Case-Weighted","Medium","Large","−0.339 (0.206)","0.808","95.3","0.018"
"Partially synthetic","Bayesian Case-Weighted","Large","Small","−0.294 (0.197)","0.772","88.4","0.063"
"Partially synthetic","Bayesian Case-Weighted","Large","Medium","−0.266 (0.184)","0.722","91.7","0.090"
"Partially synthetic","Bayesian Case-Weighted","Large","Large","−0.326 (0.178)","0.697","94.4","0.031"
"Partially synthetic","Bayesian Commensurate Priors","Small","Small","−0.335 (0.320)","1.254","93.5","0.021"
"Partially synthetic","Bayesian Commensurate Priors","Small","Medium","−0.332 (0.299)","1.171","92.3","0.024"
"Partially synthetic","Bayesian Commensurate Priors","Small","Large","−0.377 (0.290)","1.135","90.8","−0.020"
"Partially synthetic","Bayesian Commensurate Priors","Medium","Small","−0.334 (0.260)","1.021","92.2","0.023"
"Partially synthetic","Bayesian Commensurate Priors","Medium","Medium","−0.327 (0.243)","0.954","92.1","0.030"
"Partially synthetic","Bayesian Commensurate Priors","Medium","Large","−0.372 (0.236)","0.924","91.6","−0.015"
"Partially synthetic","Bayesian Commensurate Priors","Large","Small","−0.339 (0.226)","0.886","92.8","0.018"
"Partially synthetic","Bayesian Commensurate Priors","Large","Medium","−0.311 (0.211)","0.825","91.7","0.046"
"Partially synthetic","Bayesian Commensurate Priors","Large","Large","−0.353 (0.204)","0.800","90.9","0.004"
