"Method","Sample size","Overlap","Mean (se)","ACIL","Coverage","Bias"
"Unadjusted Cox","Small","Small","−0.269 (0.325)","1.273","94.5","0.088"
"Unadjusted Cox","Small","Medium","−0.280 (0.306)","1.201","94.4","0.077"
"Unadjusted Cox","Small","Large","−0.328 (0.300)","1.175","94.7","0.029"
"Unadjusted Cox","Medium","Small","−0.281 (0.264)","1.034","93.6","0.075"
"Unadjusted Cox","Medium","Medium","−0.276 (0.248)","0.973","94.3","0.080"
"Unadjusted Cox","Medium","Large","−0.327 (0.242)","0.948","95.7","0.030"
"Unadjusted Cox","Large","Small","−0.294 (0.228)","0.894","94.1","0.063"
"Unadjusted Cox","Large","Medium","−0.266 (0.214)","0.838","93.4","0.091"
"Unadjusted Cox","Large","Large","−0.307 (0.208)","0.816","94.7","0.049"
"Personalised Synthetic Controls","Small","Small","−0.333 (0.283)","1.085","94.0","0.024"
"Personalised Synthetic Controls","Small","Medium","−0.342 (0.242)","0.929","93.4","0.015"
"Personalised Synthetic Controls","Small","Large","−0.410 (0.228)","0.870","92.1","−0.054"
"Personalised Synthetic Controls","Medium","Small","−0.325 (0.230)","0.882","93.2","0.031"
"Personalised Synthetic Controls","Medium","Medium","−0.340 (0.196)","0.746","92.5","0.017"
"Personalised Synthetic Controls","Medium","Large","−0.407 (0.184)","0.703","92.0","−0.050"
"Personalised Synthetic Controls","Large","Small","−0.325 (0.200)","0.773","94.2","0.032"
"Personalised Synthetic Controls","Large","Medium","−0.332 (0.170)","0.655","92.8","0.025"
"Personalised Synthetic Controls","Large","Large","−0.389 (0.159)","0.612","92.5","−0.032"
"Synthetic Controls","Small","Small","−0.232 (0.285)","1.118","91.3","0.125"
"Synthetic Controls","Small","Medium","−0.235 (0.266)","1.041","94.8","0.122"
"Synthetic Controls","Small","Large","−0.279 (0.257)","1.008","95.5","0.078"
"Synthetic Controls","Medium","Small","−0.247 (0.232)","0.909","90.1","0.110"
"Synthetic Controls","Medium","Medium","−0.242 (0.216)","0.846","92.7","0.115"
"Synthetic Controls","Medium","Large","−0.286 (0.209)","0.817","96.9","0.071"
"Synthetic Controls","Large","Small","−0.256 (0.201)","0.788","90.5","0.101"
"Synthetic Controls","Large","Medium","−0.233 (0.187)","0.732","92.7","0.123"
"Synthetic Controls","Large","Large","−0.273 (0.180)","0.707","95.3","0.084"
"Bayesian Case-Weighted","Small","Small","−0.290 (0.281)","1.100","90.9","0.067"
"Bayesian Case-Weighted","Small","Medium","−0.273 (0.263)","1.031","94.4","0.084"
"Bayesian Case-Weighted","Small","Large","−0.337 (0.255)","0.998","94.0","0.020"
"Bayesian Case-Weighted","Medium","Small","−0.297 (0.228)","0.892","88.5","0.060"
"Bayesian Case-Weighted","Medium","Medium","−0.276 (0.213)","0.835","92.7","0.080"
"Bayesian Case-Weighted","Medium","Large","−0.339 (0.206)","0.808","95.3","0.018"
"Bayesian Case-Weighted","Large","Small","−0.294 (0.197)","0.772","88.4","0.063"
"Bayesian Case-Weighted","Large","Medium","−0.266 (0.184)","0.722","91.7","0.090"
"Bayesian Case-Weighted","Large","Large","−0.326 (0.178)","0.697","94.4","0.031"
"Bayesian Commensurate Priors","Small","Small","−0.335 (0.320)","1.254","93.5","0.021"
"Bayesian Commensurate Priors","Small","Medium","−0.332 (0.299)","1.171","92.3","0.024"
"Bayesian Commensurate Priors","Small","Large","−0.377 (0.290)","1.135","90.8","−0.020"
"Bayesian Commensurate Priors","Medium","Small","−0.334 (0.260)","1.021","92.2","0.023"
"Bayesian Commensurate Priors","Medium","Medium","−0.327 (0.243)","0.954","92.1","0.030"
"Bayesian Commensurate Priors","Medium","Large","−0.372 (0.236)","0.924","91.6","−0.015"
"Bayesian Commensurate Priors","Large","Small","−0.339 (0.226)","0.886","92.8","0.018"
"Bayesian Commensurate Priors","Large","Medium","−0.311 (0.211)","0.825","91.7","0.046"
"Bayesian Commensurate Priors","Large","Large","−0.353 (0.204)","0.800","90.9","0.004"
