"scenario_id","method","n","mean_est","mean_se","mean_bias","acil","coverage","trial"
"large_overlap_large_hybrid","RCT (unadj)",1000,-0.307186106164781,0.20817603294895,0.0494888377739515,0.816035054048733,0.947,"hybrid"
"large_overlap_large_hybrid","Pooled (unadj)",1000,-0.269163091499769,0.152885676825757,0.0875118524389631,0.599300840661028,0.914,"hybrid"
"large_overlap_large_hybrid","PSC full (combined)",924,-0.388679051101111,0.158688458323719,-0.032004107162379,0.61191795130266,0.925324675324675,"hybrid"
"large_overlap_large_hybrid","SC full",1000,-0.272568133980521,0.180254519911093,0.0841068099582112,0.706584734152602,0.953,"hybrid"
"large_overlap_large_single_arm","Pooled (unadj)",1000,-0.278639406472132,0.113173099864772,0.0780355374666001,0.443630399507417,0.894,"single_arm"
"large_overlap_large_single_arm","PSC full",1000,-0.398379473071645,0.108592379272963,-0.0417045291329122,0.41751940537633,0.901,"single_arm"
"large_overlap_large_single_arm","SC full",1000,-0.287077204275206,0.146311678150787,0.0695977396635265,0.573531239386316,0.991,"single_arm"
"large_overlap_medium_hybrid","RCT (unadj)",1000,-0.326769770859216,0.241789437507604,0.0299051730795167,0.947797178714204,0.957,"hybrid"
"large_overlap_medium_hybrid","Pooled (unadj)",1000,-0.278521930269138,0.176256247661195,0.0781530136695949,0.690911794932229,0.937,"hybrid"
"large_overlap_medium_hybrid","PSC full (combined)",927,-0.406836306277135,0.183789404933131,-0.0501613623384027,0.702518579353517,0.92017259978425,"hybrid"
"large_overlap_medium_hybrid","SC full",1000,-0.286069241222102,0.208519141482868,0.0706057027166306,0.817380014787268,0.969,"hybrid"
"large_overlap_medium_single_arm","Pooled (unadj)",1000,-0.281857020299012,0.130000218503025,0.0748179236397201,0.509591492496532,0.919,"single_arm"
"large_overlap_medium_single_arm","PSC full",1000,-0.410182966811696,0.125176391931143,-0.0535080228729631,0.480102645771014,0.893,"single_arm"
"large_overlap_medium_single_arm","SC full",1000,-0.294833635987139,0.16897120316356,0.0618413079515938,0.662354945249954,0.99,"single_arm"
"large_overlap_small_hybrid","RCT (unadj)",1000,-0.327632768681365,0.299817947171308,0.0290421752573672,1.17526475674899,0.947,"hybrid"
"large_overlap_small_hybrid","Pooled (unadj)",1000,-0.272213726072003,0.216287430378905,0.0844612178667296,0.847831147702735,0.938,"hybrid"
"large_overlap_small_hybrid","PSC full (combined)",932,-0.410235614884871,0.227969539164587,-0.0535606709461388,0.870150124519025,0.920600858369099,"hybrid"
"large_overlap_small_hybrid","SC full",1000,-0.278583625467679,0.257191246699822,0.0780913184710532,1.00817116134121,0.955,"hybrid"
"large_overlap_small_single_arm","Pooled (unadj)",1000,-0.28011069076717,0.158063691226015,0.0765642531715625,0.619598284132899,0.938,"single_arm"
"large_overlap_small_single_arm","PSC full",1000,-0.417385770276785,0.154027444315706,-0.060710826338053,0.589393240016187,0.903,"single_arm"
"large_overlap_small_single_arm","SC full",1000,-0.292989623182733,0.207309601522683,0.0636853207559994,0.812638705267618,0.986,"single_arm"
"moderate_overlap_large_hybrid","RCT (unadj)",1000,-0.266007776911798,0.213859988933556,0.0906671670269344,0.83831575208781,0.934,"hybrid"
"moderate_overlap_large_hybrid","Pooled (unadj)",1000,-0.588365146472272,0.15933272133593,-0.23169020253354,0.624572790754358,0.699,"hybrid"
"moderate_overlap_large_hybrid","PSC full (combined)",933,-0.331998401352869,0.169616321488806,0.024676542585863,0.654842397460291,0.928188638799571,"hybrid"
"moderate_overlap_large_hybrid","SC full",1000,-0.233344874526963,0.186623889915744,0.12333006941177,0.731552205779252,0.927,"hybrid"
"moderate_overlap_large_single_arm","Pooled (unadj)",1000,-0.644870782202296,0.118321557825929,-0.288195838263564,0.463811983866989,0.32,"single_arm"
"moderate_overlap_large_single_arm","PSC full",1000,-0.33932363681411,0.118419401230171,0.0173513071246222,0.45460591151945,0.909,"single_arm"
"moderate_overlap_large_single_arm","SC full",1000,-0.271927518955859,0.151279485796012,0.0847474249828737,0.593004687519846,0.953,"single_arm"
"moderate_overlap_medium_hybrid","RCT (unadj)",1000,-0.276434725212646,0.248227538329318,0.0802402187260866,0.973034070193,0.943,"hybrid"
"moderate_overlap_medium_hybrid","Pooled (unadj)",1000,-0.594916931051225,0.183787414617882,-0.238241987112493,0.720433426925557,0.769,"hybrid"
"moderate_overlap_medium_hybrid","PSC full (combined)",938,-0.339864797996803,0.195969786195513,0.0168101459419297,0.746476721460591,0.925373134328358,"hybrid"
"moderate_overlap_medium_hybrid","SC full",1000,-0.241852817012917,0.215835066346207,0.114822126925816,0.846057913278758,0.927,"hybrid"
"moderate_overlap_medium_single_arm","Pooled (unadj)",1000,-0.643261020874508,0.135881999308034,-0.286586076935775,0.532647649582086,0.429,"single_arm"
"moderate_overlap_medium_single_arm","PSC full",1000,-0.34172223462612,0.136181370249797,0.0149527093126122,0.523168294992477,0.922,"single_arm"
"moderate_overlap_medium_single_arm","SC full",1000,-0.274094264356739,0.174676133873344,0.0825806795819939,0.684717862700901,0.965,"single_arm"
"moderate_overlap_small_hybrid","RCT (unadj)",1000,-0.280119934696969,0.306417936225489,0.0765550092417639,1.2011362384381,0.944,"hybrid"
"moderate_overlap_small_hybrid","Pooled (unadj)",1000,-0.587538580031678,0.225090491554574,-0.230863636092946,0.882338513418766,0.847,"hybrid"
"moderate_overlap_small_hybrid","PSC full (combined)",934,-0.341626476833859,0.242451250486579,0.0150484671048732,0.929015179404167,0.933618843683084,"hybrid"
"moderate_overlap_small_hybrid","SC full",1000,-0.234735373045986,0.265638722240304,0.121939570892746,1.04128465698047,0.948,"hybrid"
"moderate_overlap_small_single_arm","Pooled (unadj)",1000,-0.636227119371974,0.16498774077468,-0.279552175433242,0.646740059618008,0.614,"single_arm"
"moderate_overlap_small_single_arm","PSC full",1000,-0.351382686151696,0.166229326810296,0.00529225778703646,0.637226734522626,0.919,"single_arm"
"moderate_overlap_small_single_arm","SC full",1000,-0.273061875015215,0.214169012921781,0.0836130689235179,0.839527103862367,0.974,"single_arm"
"no_overlap_large_hybrid","RCT (unadj)",994,-0.29377736841291,0.227959315879681,0.0628975755258227,0.89358409812913,0.940643863179074,"hybrid"
"no_overlap_large_hybrid","Pooled (unadj)",994,-0.939992843152264,0.172614053193726,-0.583317899213531,0.676634654970366,0.0663983903420523,"hybrid"
"no_overlap_large_hybrid","PSC full (combined)",965,-0.324818146255879,0.19951789475769,0.0318567976828537,0.773143190308137,0.941968911917098,"hybrid"
"no_overlap_large_hybrid","SC full",994,-0.256102814303195,0.200942279427226,0.100572129635538,0.787679261297495,0.905432595573441,"hybrid"
"no_overlap_large_single_arm","Pooled (unadj)",1000,-1.04423628555015,0.127932640695424,-0.687561341611422,0.501486736420267,0,"single_arm"
"no_overlap_large_single_arm","PSC full",1000,-0.301449663677397,0.148600157599891,0.0552252802613357,0.575615583330216,0.94,"single_arm"
"no_overlap_large_single_arm","SC full",1000,-0.294299396107191,0.162048191143114,0.062375547831541,0.635217236800733,0.799,"single_arm"
"no_overlap_medium_hybrid","RCT (unadj)",979,-0.281402358166582,0.263750465798487,0.0752725857721507,1.0338828277414,0.93564862104188,"hybrid"
"no_overlap_medium_hybrid","Pooled (unadj)",979,-0.935592175008636,0.198499535769425,-0.578917231069904,0.778103882111986,0.146067415730337,"hybrid"
"no_overlap_medium_hybrid","PSC full (combined)",961,-0.325276783036411,0.230452895001496,0.0313981609023216,0.881523615245024,0.932362122788762,"hybrid"
"no_overlap_medium_hybrid","SC full",979,-0.24710707886869,0.231901754217852,0.109567865070042,0.909038172437299,0.900919305413687,"hybrid"
"no_overlap_medium_single_arm","Pooled (unadj)",999,-1.04304140047155,0.147022086772433,-0.68636645653282,0.576315990011782,0,"single_arm"
"no_overlap_medium_single_arm","PSC full",1000,-0.308636415254033,0.169403764139995,0.0480385286846994,0.656266960260708,0.927,"single_arm"
"no_overlap_medium_single_arm","SC full",999,-0.29117436748882,0.187481994456539,0.0655005764499126,0.734915913769108,0.81981981981982,"single_arm"
"no_overlap_small_hybrid","RCT (unadj)",919,-0.268913268794827,0.324805122879979,0.0877616751439054,1.27321268567773,0.944504896626768,"hybrid"
"no_overlap_small_hybrid","Pooled (unadj)",919,-0.931252445931456,0.243119001993685,-0.574577501992723,0.953008975729889,0.321001088139282,"hybrid"
"no_overlap_small_hybrid","PSC full (combined)",956,-0.332652582682105,0.28341913007233,0.0240223612566272,1.08461612949009,0.940376569037657,"hybrid"
"no_overlap_small_hybrid","SC full",919,-0.231900416615296,0.2851174549801,0.124774527323436,1.11763988624943,0.912948857453754,"hybrid"
"no_overlap_small_single_arm","Pooled (unadj)",988,-1.03090814031792,0.178272284613286,-0.674233196379188,0.69881451456743,0.0182186234817814,"single_arm"
"no_overlap_small_single_arm","PSC full",1000,-0.311110614293122,0.205266707392918,0.0455643296456101,0.803378451677366,0.945,"single_arm"
"no_overlap_small_single_arm","SC full",988,-0.285804556036345,0.230023229601187,0.0708703879023875,0.90167449125183,0.845141700404858,"single_arm"
