"scenario_id","method","n","mean_est","mean_se","mean_bias","acil","coverage"
"large_overlap_large_hybrid","RCT (unadj)",1000,-0.307186106164781,0.20817603294895,0.0494888377739515,0.816035054048733,0.947
"large_overlap_large_hybrid","RCT (adj)",1000,-0.378410277482,0.213829941070088,-0.0217353335432674,0.838197966627388,0.935
"large_overlap_large_hybrid","Pooled (unadj)",1000,-0.269163091499769,0.152885676825757,0.0875118524389631,0.599300840661028,0.914
"large_overlap_large_hybrid","Pooled (adj)",1000,-0.343297719416326,0.153687405092977,0.0133772245224068,0.602443557719305,0.949
"large_overlap_large_hybrid","PSC full (combined)",924,-0.388679051101111,0.158688458323719,-0.032004107162379,0.61191795130266,0.925324675324675
"large_overlap_large_hybrid","PSC partial (combined)",942,-0.363093750378469,0.1574592002413,-0.00641880643973614,0.606491172575605,0.928874734607219
"large_overlap_large_hybrid","SC full",1000,-0.272568133980521,0.180254519911093,0.0841068099582112,0.706584734152602,0.953
"large_overlap_large_hybrid","SC partial",1000,-0.269672146907653,0.180219523980113,0.0870027970310795,0.706447552623949,0.95
"large_overlap_large_hybrid","PSC full (pw, combined)",932,-0.389738569920411,0.158852645649565,-0.0330636259816783,0.611877193444014,0.88519313304721
"large_overlap_large_hybrid","PSC partial (pw, combined)",921,-0.364007919015324,0.157157198055176,-0.00733297507659131,0.605420779253388,0.915309446254072
"large_overlap_large_hybrid","Bayes vague",1000,-0.299784497799718,0.190314296783549,0.0568904461390146,0.746018334877646,0.927
"large_overlap_large_hybrid","Bayes informative",1000,-0.307692064599255,0.153313888507046,0.0489828793394779,0.600979399607198,0.877
"large_overlap_large_hybrid","Bayes commensurate",1000,-0.352862515026736,0.204175868669186,0.00381242891199662,0.800354698207569,0.909
"large_overlap_large_hybrid","Bayes case-weighted",1000,-0.32557915428477,0.17793348596116,0.0310957896539622,0.697486448255075,0.944
"large_overlap_large_hybrid","Bayes partial case-weighted",1000,-0.321773297289834,0.177840154078687,0.0349016466488987,0.697120593998563,0.941
"large_overlap_large_single_arm","Pooled (unadj)",1000,-0.278639406472132,0.113173099864772,0.0780355374666001,0.443630399507417,0.894
"large_overlap_large_single_arm","Pooled (full adj)",1000,-0.373249291376193,0.114614103290811,-0.0165743474374606,0.449279029140688,0.951
"large_overlap_large_single_arm","Pooled (partial adj)",1000,-0.349444140355235,0.11391710120019,0.00723080358349698,0.446546831151154,0.947
"large_overlap_large_single_arm","PSC full",1000,-0.398379473071645,0.108592379272963,-0.0417045291329122,0.41751940537633,0.901
"large_overlap_large_single_arm","PSC partial",1000,-0.363245720853826,0.107446149853381,-0.00657077691509345,0.412306640654117,0.911
"large_overlap_large_single_arm","SC full",1000,-0.287077204275206,0.146311678150787,0.0695977396635265,0.573531239386316,0.991
"large_overlap_large_single_arm","SC partial",1000,-0.281222894463042,0.146255221336271,0.0754520494756902,0.57330993274005,0.985
"large_overlap_large_single_arm","Bayes hist (info)",1000,-0.307624819349872,0.112432627455841,0.0490501245888603,0.440727801001314,0.87
"large_overlap_large_single_arm","Bayes hist (case-weighted)",1000,-0.30282321834477,0.144290574544483,0.053851725593962,0.565608658831556,0.976
"large_overlap_large_single_arm","PSC full (pw)",1000,-0.395386890512557,0.108330629370175,-0.0387119465738249,0.414729814455962,0.88
"large_overlap_large_single_arm","PSC partial (pw)",1000,-0.364080658401131,0.106905789725212,-0.00740571446239863,0.409615675614206,0.902
"large_overlap_medium_hybrid","RCT (unadj)",1000,-0.326769770859216,0.241789437507604,0.0299051730795167,0.947797178714204,0.957
"large_overlap_medium_hybrid","RCT (adj)",1000,-0.396780239861889,0.250478636061852,-0.040105295923157,0.981858211155889,0.947
"large_overlap_medium_hybrid","Pooled (unadj)",1000,-0.278521930269138,0.176256247661195,0.0781530136695949,0.690911794932229,0.937
"large_overlap_medium_hybrid","Pooled (adj)",1000,-0.349502672309707,0.177313632180638,0.00717227162902562,0.695056666084067,0.949
"large_overlap_medium_hybrid","PSC full (combined)",927,-0.406836306277135,0.183789404933131,-0.0501613623384027,0.702518579353517,0.92017259978425
"large_overlap_medium_hybrid","PSC partial (combined)",917,-0.375793164509506,0.182410388345179,-0.0191182205707734,0.694633994959416,0.924754634678299
"large_overlap_medium_hybrid","SC full",1000,-0.286069241222102,0.208519141482868,0.0706057027166306,0.817380014787268,0.969
"large_overlap_medium_hybrid","SC partial",1000,-0.281856233893184,0.208449530081422,0.0748187100455485,0.817107143107772,0.961
"large_overlap_medium_hybrid","PSC full (pw, combined)",926,-0.411577945602313,0.18398189991416,-0.0549030016635805,0.699979624522218,0.855291576673866
"large_overlap_medium_hybrid","PSC partial (pw, combined)",933,-0.37546464406007,0.181538813652553,-0.0187897001213377,0.69213565007483,0.906752411575563
"large_overlap_medium_hybrid","Bayes vague",1000,-0.299832362284512,0.21773195750035,0.0568425816542202,0.853493589968183,0.931
"large_overlap_medium_hybrid","Bayes informative",1000,-0.319934742059328,0.177188493451164,0.0367402018794045,0.694566131278387,0.9
"large_overlap_medium_hybrid","Bayes commensurate",1000,-0.371889158749322,0.235722649567413,-0.0152142148105899,0.924015806984972,0.916
"large_overlap_medium_hybrid","Bayes case-weighted",1000,-0.339037967044391,0.206002554340118,0.0176369768943416,0.807515174459774,0.953
"large_overlap_medium_hybrid","Bayes partial case-weighted",1000,-0.333795383052779,0.205838500206769,0.022879560885953,0.806872094074013,0.947
"large_overlap_medium_single_arm","Pooled (unadj)",1000,-0.281857020299012,0.130000218503025,0.0748179236397201,0.509591492496532,0.919
"large_overlap_medium_single_arm","Pooled (full adj)",1000,-0.380826524314685,0.131907999851049,-0.024151580375953,0.51706985796154,0.944
"large_overlap_medium_single_arm","Pooled (partial adj)",1000,-0.353592058471064,0.130953470512147,0.00308288546766838,0.513328171708672,0.952
"large_overlap_medium_single_arm","PSC full",1000,-0.410182966811696,0.125176391931143,-0.0535080228729631,0.480102645771014,0.893
"large_overlap_medium_single_arm","PSC partial",1000,-0.370115310511801,0.124025449976905,-0.0134403665730684,0.474985452746901,0.917
"large_overlap_medium_single_arm","SC full",1000,-0.294833635987139,0.16897120316356,0.0618413079515938,0.662354945249954,0.99
"large_overlap_medium_single_arm","SC partial",1000,-0.287922737418644,0.168897194721801,0.0687522065200883,0.662064837489157,0.984
"large_overlap_medium_single_arm","Bayes hist (info)",1000,-0.310941730017514,0.129248177020864,0.045733213921218,0.506643544056702,0.891
"large_overlap_medium_single_arm","Bayes hist (case-weighted)",1000,-0.307272290507044,0.166698478448523,0.0494026534316884,0.653446028073462,0.978
"large_overlap_medium_single_arm","PSC full (pw)",1000,-0.413807604718224,0.124745318768751,-0.0571326607794914,0.477770536267171,0.837
"large_overlap_medium_single_arm","PSC partial (pw)",1000,-0.36900188302548,0.123536490081891,-0.0123269390867476,0.472476944430454,0.911
"large_overlap_small_hybrid","RCT (unadj)",1000,-0.327632768681365,0.299817947171308,0.0290421752573672,1.17526475674899,0.947
"large_overlap_small_hybrid","RCT (adj)",1000,-0.392938750188296,0.314832588458142,-0.036263806249564,1.23412106907496,0.926
"large_overlap_small_hybrid","Pooled (unadj)",1000,-0.272213726072003,0.216287430378905,0.0844612178667296,0.847831147702735,0.938
"large_overlap_small_hybrid","Pooled (adj)",1000,-0.336880166715033,0.217894829556082,0.0197947772236992,0.854132036694828,0.94
"large_overlap_small_hybrid","PSC full (combined)",932,-0.410235614884871,0.227969539164587,-0.0535606709461388,0.870150124519025,0.920600858369099
"large_overlap_small_hybrid","PSC partial (combined)",924,-0.366823782776562,0.224658663683761,-0.0101488388378293,0.85435674202217,0.922077922077922
"large_overlap_small_hybrid","SC full",1000,-0.278583625467679,0.257191246699822,0.0780913184710532,1.00817116134121,0.955
"large_overlap_small_hybrid","SC partial",1000,-0.27496230526539,0.257129545130521,0.0817126386733428,1.00792929563398,0.954
"large_overlap_small_hybrid","PSC full (pw, combined)",931,-0.404803963642395,0.228184853942469,-0.0481290197036622,0.872004787860551,0.856068743286788
"large_overlap_small_hybrid","PSC partial (pw, combined)",932,-0.370483365717151,0.223798275979889,-0.0138084217784187,0.850558238572048,0.909871244635193
"large_overlap_small_hybrid","Bayes vague",1000,-0.26524915690725,0.266888813617987,0.091425787031482,1.04618492513576,0.922
"large_overlap_small_hybrid","Bayes informative",1000,-0.319550298704919,0.218144753817451,0.0371246452338131,0.855111721797122,0.909
"large_overlap_small_hybrid","Bayes commensurate",1000,-0.376908408865479,0.289529012849602,-0.0202334649267464,1.13493287532931,0.908
"large_overlap_small_hybrid","Bayes case-weighted",1000,-0.336807307341039,0.254519728503572,0.0198676365976934,0.997699002443827,0.94
"large_overlap_small_hybrid","Bayes partial case-weighted",1000,-0.332437670802454,0.25450491789995,0.0242372731362785,0.99764094594445,0.939
"large_overlap_small_single_arm","Pooled (unadj)",1000,-0.28011069076717,0.158063691226015,0.0765642531715625,0.619598284132899,0.938
"large_overlap_small_single_arm","Pooled (full adj)",1000,-0.374873753749024,0.160935339234603,-0.0181988098102916,0.630854937479115,0.95
"large_overlap_small_single_arm","Pooled (partial adj)",1000,-0.348023987126768,0.159419955392762,0.00865095681196459,0.62491474197359,0.949
"large_overlap_small_single_arm","PSC full",1000,-0.417385770276785,0.154027444315706,-0.060710826338053,0.589393240016187,0.903
"large_overlap_small_single_arm","PSC partial",1000,-0.37215493138244,0.151829765491198,-0.0154799874437073,0.580918081918284,0.924
"large_overlap_small_single_arm","SC full",1000,-0.292989623182733,0.207309601522683,0.0636853207559994,0.812638705267618,0.986
"large_overlap_small_single_arm","SC partial",1000,-0.286453996656486,0.207210118505694,0.0702209472822468,0.812248739006873,0.986
"large_overlap_small_single_arm","Bayes hist (info)",1000,-0.313312467309246,0.157599364461458,0.0433624766294867,0.617778156661717,0.891
"large_overlap_small_single_arm","Bayes hist (case-weighted)",1000,-0.305313249532373,0.204529580468752,0.0513616944063599,0.801741222983681,0.976
"large_overlap_small_single_arm","PSC full (pw)",1000,-0.407993044714045,0.153589169566154,-0.0513181007753121,0.587799123116454,0.835
"large_overlap_small_single_arm","PSC partial (pw)",1000,-0.37010336406145,0.151030554194561,-0.0134284201227181,0.578094375825891,0.916
"moderate_overlap_large_hybrid","RCT (unadj)",1000,-0.266007776911798,0.213859988933556,0.0906671670269344,0.83831575208781,0.934
"moderate_overlap_large_hybrid","RCT (adj)",1000,-0.319699756681814,0.218970143449547,0.0369751872569181,0.858347189701363,0.932
"moderate_overlap_large_hybrid","Pooled (unadj)",1000,-0.588365146472272,0.15933272133593,-0.23169020253354,0.624572790754358,0.699
"moderate_overlap_large_hybrid","Pooled (adj)",1000,-0.32558048922638,0.161826876543731,0.0310944547123526,0.634349699512644,0.936
"moderate_overlap_large_hybrid","PSC full (combined)",933,-0.331998401352869,0.169616321488806,0.024676542585863,0.654842397460291,0.928188638799571
"moderate_overlap_large_hybrid","PSC partial (combined)",950,-0.334289926431404,0.1665544709052,0.0223850175073287,0.640505321142047,0.922105263157895
"moderate_overlap_large_hybrid","SC full",1000,-0.233344874526963,0.186623889915744,0.12333006941177,0.731552205779252,0.927
"moderate_overlap_large_hybrid","SC partial",1000,-0.248145379469917,0.186725608900411,0.108529564468816,0.731950936872233,0.935
"moderate_overlap_large_hybrid","PSC full (pw, combined)",941,-0.333706920874514,0.161687895326464,0.0229680230642183,0.625369325705857,0.770456960680127
"moderate_overlap_large_hybrid","PSC partial (pw, combined)",931,-0.324833115146752,0.157748681543455,0.0318418287919806,0.608277890020588,0.808807733619764
"moderate_overlap_large_hybrid","Bayes vague",1000,-0.298886394522517,0.212246758308219,0.0577885494162154,0.831992004238972,0.913
"moderate_overlap_large_hybrid","Bayes informative",1000,-0.684181616325245,0.15890142951415,-0.327506672386513,0.622882157879327,0.46
"moderate_overlap_large_hybrid","Bayes commensurate",1000,-0.311112930613802,0.210565237910658,0.04556201332493,0.825400565401994,0.917
"moderate_overlap_large_hybrid","Bayes case-weighted",1000,-0.266216126935221,0.18417214382627,0.0904588170035116,0.72194153771004,0.917
"moderate_overlap_large_hybrid","Bayes partial case-weighted",1000,-0.281488425300933,0.18401649372613,0.0751865186377999,0.72133140052911,0.924
"moderate_overlap_large_single_arm","Pooled (unadj)",1000,-0.644870782202296,0.118321557825929,-0.288195838263564,0.463811983866989,0.32
"moderate_overlap_large_single_arm","Pooled (full adj)",1000,-0.315258811543904,0.124075009808923,0.0414161323948286,0.486365101213888,0.922
"moderate_overlap_large_single_arm","Pooled (partial adj)",1000,-0.340545788981082,0.121970275211082,0.0161291549576509,0.47811469319632,0.947
"moderate_overlap_large_single_arm","PSC full",1000,-0.33932363681411,0.118419401230171,0.0173513071246222,0.45460591151945,0.909
"moderate_overlap_large_single_arm","PSC partial",1000,-0.353296545762981,0.115491166311072,0.00337839817575147,0.443509731059169,0.921
"moderate_overlap_large_single_arm","SC full",1000,-0.271927518955859,0.151279485796012,0.0847474249828737,0.593004687519846,0.953
"moderate_overlap_large_single_arm","SC partial",1000,-0.291329441930096,0.151399481123036,0.0653455020086368,0.593475060558404,0.969
"moderate_overlap_large_single_arm","Bayes hist (info)",1000,-0.732458731533309,0.116445823862901,-0.375783787594577,0.45645924184276,0.142
"moderate_overlap_large_single_arm","Bayes hist (case-weighted)",1000,-0.250722947584983,0.14803083137346,0.10595199635375,0.580270196187007,0.879
"moderate_overlap_large_single_arm","PSC full (pw)",1000,-0.352300239743603,0.109113795766429,0.00437470419512931,0.419356646975162,0.762
"moderate_overlap_large_single_arm","PSC partial (pw)",1000,-0.359929399525772,0.107085520984601,-0.00325445558703963,0.410457751873891,0.787
"moderate_overlap_medium_hybrid","RCT (unadj)",1000,-0.276434725212646,0.248227538329318,0.0802402187260866,0.973034070193,0.943
"moderate_overlap_medium_hybrid","RCT (adj)",1000,-0.329535099693229,0.256305326108711,0.0271398442455034,1.00469841643773,0.942
"moderate_overlap_medium_hybrid","Pooled (unadj)",1000,-0.594916931051225,0.183787414617882,-0.238241987112493,0.720433426925557,0.769
"moderate_overlap_medium_hybrid","Pooled (adj)",1000,-0.325388517928527,0.18683931398689,0.0312864260102055,0.73239665262095,0.934
"moderate_overlap_medium_hybrid","PSC full (combined)",938,-0.339864797996803,0.195969786195513,0.0168101459419297,0.746476721460591,0.925373134328358
"moderate_overlap_medium_hybrid","PSC partial (combined)",937,-0.339519728440214,0.191708401072275,0.0171552154985182,0.731295542589842,0.929562433297759
"moderate_overlap_medium_hybrid","SC full",1000,-0.241852817012917,0.215835066346207,0.114822126925816,0.846057913278758,0.927
"moderate_overlap_medium_hybrid","SC partial",1000,-0.257074455356306,0.215959343422414,0.0996004885824262,0.846545070465695,0.939
"moderate_overlap_medium_hybrid","PSC full (pw, combined)",928,-0.336163945157655,0.188324932062893,0.0205109987810774,0.718688898084,0.788793103448276
"moderate_overlap_medium_hybrid","PSC partial (pw, combined)",915,-0.330157805425495,0.182877422419135,0.026517138513237,0.697017242793279,0.836065573770492
"moderate_overlap_medium_hybrid","Bayes vague",1000,-0.309046410670212,0.245654709900571,0.0476285332685202,0.962948768075507,0.918
"moderate_overlap_medium_hybrid","Bayes informative",1000,-0.695508107515919,0.183710481525228,-0.338833163577186,0.720131854743914,0.511
"moderate_overlap_medium_hybrid","Bayes commensurate",1000,-0.326744344213906,0.243398876373401,0.0299305997248263,0.954106063138766,0.921
"moderate_overlap_medium_hybrid","Bayes case-weighted",1000,-0.276378875027164,0.213087682908574,0.0802960689115682,0.835288368099791,0.927
"moderate_overlap_medium_hybrid","Bayes partial case-weighted",1000,-0.292188355940571,0.213468626359563,0.0644865879981611,0.836781638987964,0.937
"moderate_overlap_medium_single_arm","Pooled (unadj)",1000,-0.643261020874508,0.135881999308034,-0.286586076935775,0.532647649582086,0.429
"moderate_overlap_medium_single_arm","Pooled (full adj)",1000,-0.312223395038507,0.142585474835564,0.0444515489002258,0.558924790792497,0.939
"moderate_overlap_medium_single_arm","Pooled (partial adj)",1000,-0.33763466597934,0.140034571302465,0.0190402779593924,0.548925432686673,0.947
"moderate_overlap_medium_single_arm","PSC full",1000,-0.34172223462612,0.136181370249797,0.0149527093126122,0.523168294992477,0.922
"moderate_overlap_medium_single_arm","PSC partial",1000,-0.354589276185204,0.13242962548575,0.00208566775352831,0.507591169674732,0.92
"moderate_overlap_medium_single_arm","SC full",1000,-0.274094264356739,0.174676133873344,0.0825806795819939,0.684717862700901,0.965
"moderate_overlap_medium_single_arm","SC partial",1000,-0.293458971080561,0.174839541177018,0.0632159728581713,0.685358407560926,0.97
"moderate_overlap_medium_single_arm","Bayes hist (info)",1000,-0.732786190734894,0.133776033374256,-0.376111246796161,0.52439241481634,0.208
"moderate_overlap_medium_single_arm","Bayes hist (case-weighted)",1000,-0.2546872487325,0.170889109499598,0.101987695206232,0.669872999938668,0.903
"moderate_overlap_medium_single_arm","PSC full (pw)",1000,-0.346003391243113,0.126319657953406,0.0106715526956195,0.484494775648972,0.758
"moderate_overlap_medium_single_arm","PSC partial (pw)",1000,-0.354410400933017,0.124367037112327,0.00226454300571588,0.477170518715739,0.842
"moderate_overlap_small_hybrid","RCT (unadj)",1000,-0.280119934696969,0.306417936225489,0.0765550092417639,1.2011362384381,0.944
"moderate_overlap_small_hybrid","RCT (adj)",1000,-0.339612377845323,0.321081375667306,0.0170625660934099,1.25861586482899,0.944
"moderate_overlap_small_hybrid","Pooled (unadj)",1000,-0.587538580031678,0.225090491554574,-0.230863636092946,0.882338513418766,0.847
"moderate_overlap_small_hybrid","Pooled (adj)",1000,-0.313415267763647,0.229017044456658,0.0432596761750854,0.897730317961717,0.938
"moderate_overlap_small_hybrid","PSC full (combined)",934,-0.341626476833859,0.242451250486579,0.0150484671048732,0.929015179404167,0.933618843683084
"moderate_overlap_small_hybrid","PSC partial (combined)",932,-0.338883659954684,0.235997485696588,0.0177912839840489,0.89834910419808,0.921673819742489
"moderate_overlap_small_hybrid","SC full",1000,-0.234735373045986,0.265638722240304,0.121939570892746,1.04128465698047,0.948
"moderate_overlap_small_hybrid","SC partial",1000,-0.248998971893065,0.265723999427624,0.107675972045667,1.04161893741217,0.953
"moderate_overlap_small_hybrid","PSC full (pw, combined)",941,-0.327934859625197,0.235958187016785,0.028740084313535,0.899938224408714,0.752391073326249
"moderate_overlap_small_hybrid","PSC partial (pw, combined)",927,-0.32953658049526,0.227063097791151,0.0271383634434728,0.865489695836234,0.787486515641855
"moderate_overlap_small_hybrid","Bayes vague",1000,-0.300757328494041,0.300380983635685,0.0559176154446918,1.17747181913332,0.92
"moderate_overlap_small_hybrid","Bayes informative",1000,-0.692778690876294,0.226378834954902,-0.336103746937562,0.887388726747489,0.666
"moderate_overlap_small_hybrid","Bayes commensurate",1000,-0.332354374432061,0.298606250236442,0.0243205695066719,1.17051499204396,0.923
"moderate_overlap_small_hybrid","Bayes case-weighted",1000,-0.272703099346466,0.262891065953173,0.0839718445922667,1.03051404225113,0.944
"moderate_overlap_small_hybrid","Bayes partial case-weighted",1000,-0.287346761539333,0.262838079904722,0.0693281823993999,1.03030634075783,0.947
"moderate_overlap_small_single_arm","Pooled (unadj)",1000,-0.636227119371974,0.16498774077468,-0.279552175433242,0.646740059618008,0.614
"moderate_overlap_small_single_arm","Pooled (full adj)",1000,-0.309481937781002,0.173274219241411,0.0471930061577305,0.679222458324925,0.936
"moderate_overlap_small_single_arm","Pooled (partial adj)",1000,-0.332656315232864,0.169972716156774,0.0240186287058684,0.666280804043453,0.95
"moderate_overlap_small_single_arm","PSC full",1000,-0.351382686151696,0.166229326810296,0.00529225778703646,0.637226734522626,0.919
"moderate_overlap_small_single_arm","PSC partial",1000,-0.357662058432359,0.160938328170858,-0.000987114493626595,0.616159849006669,0.923
"moderate_overlap_small_single_arm","SC full",1000,-0.273061875015215,0.214169012921781,0.0836130689235179,0.839527103862367,0.974
"moderate_overlap_small_single_arm","SC partial",1000,-0.292198907122056,0.21429873821859,0.0644760368166767,0.840035617681627,0.976
"moderate_overlap_small_single_arm","Bayes hist (info)",1000,-0.72759999284891,0.163199051760479,-0.370925048910177,0.639728527523255,0.397
"moderate_overlap_small_single_arm","Bayes hist (case-weighted)",1000,-0.25339885552875,0.2096058162527,0.103276088409982,0.821639701610822,0.914
"moderate_overlap_small_single_arm","PSC full (pw)",1000,-0.344472063588397,0.155664210130783,0.0122028803503356,0.596662053982834,0.758
"moderate_overlap_small_single_arm","PSC partial (pw)",1000,-0.352016797075294,0.151649764097029,0.00465814686343835,0.579665658419445,0.813
"no_overlap_large_hybrid","RCT (unadj)",994,-0.29377736841291,0.227959315879681,0.0628975755258227,0.89358409812913,0.940643863179074
"no_overlap_large_hybrid","RCT (adj)",994,-0.353462936634465,0.233259961025702,0.0032120073042673,0.914362245291185,0.960764587525151
"no_overlap_large_hybrid","Pooled (unadj)",994,-0.939992843152264,0.172614053193726,-0.583317899213531,0.676634654970366,0.0663983903420523
"no_overlap_large_hybrid","Pooled (adj)",994,-0.347091355651883,0.180576409845125,0.00958358828684991,0.707846519507977,0.948692152917505
"no_overlap_large_hybrid","PSC full (combined)",965,-0.324818146255879,0.19951789475769,0.0318567976828537,0.773143190308137,0.941968911917098
"no_overlap_large_hybrid","PSC partial (combined)",948,-0.373220435227034,0.193417287304221,-0.0165454912883012,0.748134133139463,0.949367088607595
"no_overlap_large_hybrid","SC full",994,-0.256102814303195,0.200942279427226,0.100572129635538,0.787679261297495,0.905432595573441
"no_overlap_large_hybrid","SC partial",994,-0.26117711430702,0.20117649667454,0.0954978296317126,0.78859737603608,0.924547283702213
"no_overlap_large_hybrid","PSC full (pw, combined)",957,-0.358256587867012,0.177752489411197,-0.00158164392827947,0.688371742213199,0.591431556948798
"no_overlap_large_hybrid","PSC partial (pw, combined)",937,-0.385609912734865,0.164972404973752,-0.0289349687961322,0.636236969593473,0.660618996798292
"no_overlap_large_hybrid","Bayes vague",994,-0.317894421221796,0.228170477682802,0.0387805227169365,0.894411837187185,0.924547283702213
"no_overlap_large_hybrid","Bayes informative",994,-1.0917581973088,0.171598122242322,-0.735083253370072,0.672652278819306,0.0120724346076459
"no_overlap_large_hybrid","Bayes commensurate",994,-0.338586435666668,0.226052204594935,0.0180885082720648,0.886108359263904,0.927565392354125
"no_overlap_large_hybrid","Bayes case-weighted",994,-0.293548295183361,0.196964732473559,0.0631266487553713,0.772087563745486,0.88430583501006
"no_overlap_large_hybrid","Bayes partial case-weighted",994,-0.287595116502311,0.197102177578906,0.0690798274364213,0.772626338658148,0.888329979879276
"no_overlap_large_single_arm","Pooled (unadj)",1000,-1.04423628555015,0.127932640695424,-0.687561341611422,0.501486736420267,0
"no_overlap_large_single_arm","Pooled (full adj)",1000,-0.282627005959766,0.14774515368916,0.0740479379789661,0.579150360242176,0.935
"no_overlap_large_single_arm","Pooled (partial adj)",1000,-0.361832715475708,0.141431500979996,-0.00515777153697539,0.554401296400469,0.95
"no_overlap_large_single_arm","PSC full",1000,-0.301449663677397,0.148600157599891,0.0552252802613357,0.575615583330216,0.94
"no_overlap_large_single_arm","PSC partial",1000,-0.372178753202708,0.139195477153198,-0.0155038092639752,0.538462644962559,0.937
"no_overlap_large_single_arm","SC full",1000,-0.294299396107191,0.162048191143114,0.062375547831541,0.635217236800733,0.799
"no_overlap_large_single_arm","SC partial",1000,-0.305109521371662,0.161986692476256,0.05156542256707,0.634976166456456,0.858
"no_overlap_large_single_arm","Bayes hist (info)",1000,-1.17830568000024,0.12454477250975,-0.821630736061504,0.488206537163689,0
"no_overlap_large_single_arm","Bayes hist (case-weighted)",1000,-0.270027954988494,0.155065050992937,0.0866469889502388,0.607843830414048,0.705
"no_overlap_large_single_arm","PSC full (pw)",1000,-0.331358471785597,0.117778665391421,0.0253164721531358,0.451297497446188,0.57
"no_overlap_large_single_arm","PSC partial (pw)",1000,-0.40463513098204,0.110070259901441,-0.0479601870433078,0.422038289472089,0.618
"no_overlap_medium_hybrid","RCT (unadj)",979,-0.281402358166582,0.263750465798487,0.0752725857721507,1.0338828277414,0.93564862104188
"no_overlap_medium_hybrid","RCT (adj)",979,-0.343941459089872,0.271789396810527,0.01273348484886,1.065394858257,0.93564862104188
"no_overlap_medium_hybrid","Pooled (unadj)",979,-0.935592175008636,0.198499535769425,-0.578917231069904,0.778103882111986,0.146067415730337
"no_overlap_medium_hybrid","Pooled (adj)",979,-0.336415269172566,0.207612520474645,0.0202596747661662,0.813826125739777,0.926455566905005
"no_overlap_medium_hybrid","PSC full (combined)",961,-0.325276783036411,0.230452895001496,0.0313981609023216,0.881523615245024,0.932362122788762
"no_overlap_medium_hybrid","PSC partial (combined)",946,-0.366220001733491,0.219836203071915,-0.00954505779475823,0.838285883687842,0.927061310782241
"no_overlap_medium_hybrid","SC full",979,-0.24710707886869,0.231901754217852,0.109567865070042,0.909038172437299,0.900919305413687
"no_overlap_medium_hybrid","SC partial",979,-0.253233374665045,0.232171069289907,0.103441569273687,0.910093868120742,0.91317671092952
"no_overlap_medium_hybrid","PSC full (pw, combined)",942,-0.340426136157355,0.209494423298376,0.0162488077813776,0.804100185619636,0.588110403397028
"no_overlap_medium_hybrid","PSC partial (pw, combined)",932,-0.368073868900428,0.191876443544815,-0.0113989249616956,0.731112769639274,0.65450643776824
"no_overlap_medium_hybrid","Bayes vague",979,-0.305317854423326,0.26438063308112,0.0513570895154062,1.03635303809779,0.919305413687436
"no_overlap_medium_hybrid","Bayes informative",979,-1.09073581906506,0.19811363685754,-0.734060875126326,0.77659118617405,0.0510725229826353
"no_overlap_medium_hybrid","Bayes commensurate",979,-0.333669747570804,0.260353719096079,0.0230051963679285,1.02056782533875,0.922369765066394
"no_overlap_medium_hybrid","Bayes case-weighted",979,-0.296941921507994,0.227595768435212,0.0597330224307389,0.892159018333467,0.884576098059244
"no_overlap_medium_hybrid","Bayes partial case-weighted",979,-0.289894423718787,0.227608014853779,0.0667805202199453,0.892207023412127,0.871297242083759
"no_overlap_medium_single_arm","Pooled (unadj)",999,-1.04304140047155,0.147022086772433,-0.68636645653282,0.576315990011782,0
"no_overlap_medium_single_arm","Pooled (full adj)",999,-0.281964810653412,0.16926138585734,0.0747101332853209,0.663492440507448,0.931931931931932
"no_overlap_medium_single_arm","Pooled (partial adj)",999,-0.363832629347431,0.161973788179658,-0.0071576854086986,0.634925582543298,0.957957957957958
"no_overlap_medium_single_arm","PSC full",1000,-0.308636415254033,0.169403764139995,0.0480385286846994,0.656266960260708,0.927
"no_overlap_medium_single_arm","PSC partial",1000,-0.378887405535354,0.158545958116929,-0.022212461596622,0.611800913493116,0.934
"no_overlap_medium_single_arm","SC full",999,-0.29117436748882,0.187481994456539,0.0655005764499126,0.734915913769108,0.81981981981982
"no_overlap_medium_single_arm","SC partial",999,-0.308900683354102,0.18726830873798,0.0477742605846306,0.734078281144335,0.862862862862863
"no_overlap_medium_single_arm","Bayes hist (info)",999,-1.18001446179495,0.143686252966778,-0.823339517856217,0.563239761776792,0
"no_overlap_medium_single_arm","Bayes hist (case-weighted)",999,-0.280543285440924,0.179195688594966,0.0761316584978083,0.702434191661978,0.720720720720721
"no_overlap_medium_single_arm","PSC full (pw)",1000,-0.330869506237955,0.136434508622391,0.0258054377007776,0.525916866776603,0.586
"no_overlap_medium_single_arm","PSC partial (pw)",1000,-0.400133602769027,0.12777343916073,-0.043458658830295,0.490781599828594,0.645
"no_overlap_small_hybrid","RCT (unadj)",919,-0.268913268794827,0.324805122879979,0.0877616751439054,1.27321268567773,0.944504896626768
"no_overlap_small_hybrid","RCT (adj)",919,-0.338733312118353,0.339963660432765,0.0179416318203796,1.33263306100125,0.954298150163221
"no_overlap_small_hybrid","Pooled (unadj)",919,-0.931252445931456,0.243119001993685,-0.574577501992723,0.953008975729889,0.321001088139282
"no_overlap_small_hybrid","Pooled (adj)",919,-0.335952342175115,0.253599873238936,0.0207226017636175,0.994093236064476,0.951033732317737
"no_overlap_small_hybrid","PSC full (combined)",956,-0.332652582682105,0.28341913007233,0.0240223612566272,1.08461612949009,0.940376569037657
"no_overlap_small_hybrid","PSC partial (combined)",967,-0.372674112787026,0.270962621371724,-0.0159991688482938,1.0328676045348,0.948293691830403
"no_overlap_small_hybrid","SC full",919,-0.231900416615296,0.2851174549801,0.124774527323436,1.11763988624943,0.912948857453754
"no_overlap_small_hybrid","SC partial",919,-0.246378554181085,0.285247140523066,0.110296389757647,1.11814824423649,0.944504896626768
"no_overlap_small_hybrid","PSC full (pw, combined)",943,-0.352912548315158,0.268307012754305,0.00376239562357483,1.0259954359958,0.619300106044539
"no_overlap_small_hybrid","PSC partial (pw, combined)",927,-0.404934173322117,0.242885853093265,-0.0482592293833844,0.923355966030717,0.650485436893204
"no_overlap_small_hybrid","Bayes vague",919,-0.293283092258177,0.325812753741061,0.0633918516805555,1.27716252607259,0.927094668117519
"no_overlap_small_hybrid","Bayes informative",919,-1.09332620777298,0.244462033397189,-0.736651263834244,0.958273562091835,0.136017410228509
"no_overlap_small_hybrid","Bayes commensurate",919,-0.33544412078531,0.319890988983565,0.0212308231534223,1.25394963477337,0.934711643090316
"no_overlap_small_hybrid","Bayes case-weighted",919,-0.289952303730851,0.280647110824727,0.066722640207881,1.10011645916337,0.908596300326442
"no_overlap_small_hybrid","Bayes partial case-weighted",919,-0.289108088247984,0.280864041956946,0.0675668556907482,1.10096681357592,0.908596300326442
"no_overlap_small_single_arm","Pooled (unadj)",988,-1.03090814031792,0.178272284613286,-0.674233196379188,0.69881451456743,0.0182186234817814
"no_overlap_small_single_arm","Pooled (full adj)",988,-0.27350521092029,0.2039925845211,0.0831697330184425,0.799636237549198,0.940283400809717
"no_overlap_small_single_arm","Pooled (partial adj)",988,-0.354189380508289,0.195283212671472,0.00248556343044315,0.765496127242721,0.951417004048583
"no_overlap_small_single_arm","PSC full",1000,-0.311110614293122,0.205266707392918,0.0455643296456101,0.803378451677366,0.945
"no_overlap_small_single_arm","PSC partial",1000,-0.377900828389057,0.192643774583479,-0.021225884450325,0.751323620365382,0.937
"no_overlap_small_single_arm","SC full",988,-0.285804556036345,0.230023229601187,0.0708703879023875,0.90167449125183,0.845141700404858
"no_overlap_small_single_arm","SC partial",988,-0.306385614390864,0.229728780920505,0.0502893295478685,0.900520273632963,0.874493927125506
"no_overlap_small_single_arm","Bayes hist (info)",988,-1.17146198929682,0.174957805814298,-0.814787045358085,0.685821996420354,0.00101214574898785
"no_overlap_small_single_arm","Bayes hist (case-weighted)",988,-0.288073225334846,0.220100008134861,0.0686017186038868,0.8627761778826,0.763157894736842
"no_overlap_small_single_arm","PSC full (pw)",1000,-0.299989372310167,0.171199920099037,0.0566855716285655,0.666648978952102,0.576
"no_overlap_small_single_arm","PSC partial (pw)",1000,-0.403609843901418,0.157535706640747,-0.0469348999626854,0.610453000279676,0.629
