"Design","Method","Sample size","Overlap","mean_est","mean_se","acil","coverage","mean_bias","scenario_id","method_raw"
"Fully synthetic","Personalised Synthetic Controls","Small","Small",-0.311110614293122,0.205266707392918,0.803378451677366,0.945,0.0455643296456101,"no_overlap_small_single_arm","PSC full"
"Fully synthetic","Personalised Synthetic Controls","Small","Medium",-0.351382686151696,0.166229326810296,0.637226734522626,0.919,0.00529225778703646,"moderate_overlap_small_single_arm","PSC full"
"Fully synthetic","Personalised Synthetic Controls","Small","Large",-0.417385770276785,0.154027444315706,0.589393240016187,0.903,-0.060710826338053,"large_overlap_small_single_arm","PSC full"
"Fully synthetic","Personalised Synthetic Controls","Medium","Small",-0.308636415254033,0.169403764139995,0.656266960260708,0.927,0.0480385286846994,"no_overlap_medium_single_arm","PSC full"
"Fully synthetic","Personalised Synthetic Controls","Medium","Medium",-0.34172223462612,0.136181370249797,0.523168294992477,0.922,0.0149527093126122,"moderate_overlap_medium_single_arm","PSC full"
"Fully synthetic","Personalised Synthetic Controls","Medium","Large",-0.410182966811696,0.125176391931143,0.480102645771014,0.893,-0.0535080228729631,"large_overlap_medium_single_arm","PSC full"
"Fully synthetic","Personalised Synthetic Controls","Large","Small",-0.301449663677397,0.148600157599891,0.575615583330216,0.94,0.0552252802613357,"no_overlap_large_single_arm","PSC full"
"Fully synthetic","Personalised Synthetic Controls","Large","Medium",-0.33932363681411,0.118419401230171,0.45460591151945,0.909,0.0173513071246222,"moderate_overlap_large_single_arm","PSC full"
"Fully synthetic","Personalised Synthetic Controls","Large","Large",-0.398379473071645,0.108592379272963,0.41751940537633,0.901,-0.0417045291329122,"large_overlap_large_single_arm","PSC full"
"Fully synthetic","Synthetic Controls","Small","Small",-0.285804556036345,0.230023229601187,0.90167449125183,0.845141700404858,0.0708703879023875,"no_overlap_small_single_arm","SC full"
"Fully synthetic","Synthetic Controls","Small","Medium",-0.273061875015215,0.214169012921781,0.839527103862367,0.974,0.0836130689235179,"moderate_overlap_small_single_arm","SC full"
"Fully synthetic","Synthetic Controls","Small","Large",-0.292989623182733,0.207309601522683,0.812638705267618,0.986,0.0636853207559994,"large_overlap_small_single_arm","SC full"
"Fully synthetic","Synthetic Controls","Medium","Small",-0.29117436748882,0.187481994456539,0.734915913769108,0.81981981981982,0.0655005764499126,"no_overlap_medium_single_arm","SC full"
"Fully synthetic","Synthetic Controls","Medium","Medium",-0.274094264356739,0.174676133873344,0.684717862700901,0.965,0.0825806795819939,"moderate_overlap_medium_single_arm","SC full"
"Fully synthetic","Synthetic Controls","Medium","Large",-0.294833635987139,0.16897120316356,0.662354945249954,0.99,0.0618413079515938,"large_overlap_medium_single_arm","SC full"
"Fully synthetic","Synthetic Controls","Large","Small",-0.294299396107191,0.162048191143114,0.635217236800733,0.799,0.062375547831541,"no_overlap_large_single_arm","SC full"
"Fully synthetic","Synthetic Controls","Large","Medium",-0.271927518955859,0.151279485796012,0.593004687519846,0.953,0.0847474249828737,"moderate_overlap_large_single_arm","SC full"
"Fully synthetic","Synthetic Controls","Large","Large",-0.287077204275206,0.146311678150787,0.573531239386316,0.991,0.0695977396635265,"large_overlap_large_single_arm","SC full"
"Fully synthetic","Bayesian Case-Weighted","Small","Small",-0.288073225334846,0.220100008134861,0.8627761778826,0.763157894736842,0.0686017186038868,"no_overlap_small_single_arm","Bayes hist (case-weighted)"
"Fully synthetic","Bayesian Case-Weighted","Small","Medium",-0.25339885552875,0.2096058162527,0.821639701610822,0.914,0.103276088409982,"moderate_overlap_small_single_arm","Bayes hist (case-weighted)"
"Fully synthetic","Bayesian Case-Weighted","Small","Large",-0.305313249532373,0.204529580468752,0.801741222983681,0.976,0.0513616944063599,"large_overlap_small_single_arm","Bayes hist (case-weighted)"
"Fully synthetic","Bayesian Case-Weighted","Medium","Small",-0.280543285440924,0.179195688594966,0.702434191661978,0.720720720720721,0.0761316584978083,"no_overlap_medium_single_arm","Bayes hist (case-weighted)"
"Fully synthetic","Bayesian Case-Weighted","Medium","Medium",-0.2546872487325,0.170889109499598,0.669872999938668,0.903,0.101987695206232,"moderate_overlap_medium_single_arm","Bayes hist (case-weighted)"
"Fully synthetic","Bayesian Case-Weighted","Medium","Large",-0.307272290507044,0.166698478448523,0.653446028073462,0.978,0.0494026534316884,"large_overlap_medium_single_arm","Bayes hist (case-weighted)"
"Fully synthetic","Bayesian Case-Weighted","Large","Small",-0.270027954988494,0.155065050992937,0.607843830414048,0.705,0.0866469889502388,"no_overlap_large_single_arm","Bayes hist (case-weighted)"
"Fully synthetic","Bayesian Case-Weighted","Large","Medium",-0.250722947584983,0.14803083137346,0.580270196187007,0.879,0.10595199635375,"moderate_overlap_large_single_arm","Bayes hist (case-weighted)"
"Fully synthetic","Bayesian Case-Weighted","Large","Large",-0.30282321834477,0.144290574544483,0.565608658831556,0.976,0.053851725593962,"large_overlap_large_single_arm","Bayes hist (case-weighted)"
"Partially synthetic","Personalised Synthetic Controls","Small","Small",-0.332652582682105,0.28341913007233,1.08461612949009,0.940376569037657,0.0240223612566272,"no_overlap_small_hybrid","PSC full (combined)"
"Partially synthetic","Personalised Synthetic Controls","Small","Medium",-0.341626476833859,0.242451250486579,0.929015179404167,0.933618843683084,0.0150484671048732,"moderate_overlap_small_hybrid","PSC full (combined)"
"Partially synthetic","Personalised Synthetic Controls","Small","Large",-0.410235614884871,0.227969539164587,0.870150124519025,0.920600858369099,-0.0535606709461388,"large_overlap_small_hybrid","PSC full (combined)"
"Partially synthetic","Personalised Synthetic Controls","Medium","Small",-0.325276783036411,0.230452895001496,0.881523615245024,0.932362122788762,0.0313981609023216,"no_overlap_medium_hybrid","PSC full (combined)"
"Partially synthetic","Personalised Synthetic Controls","Medium","Medium",-0.339864797996803,0.195969786195513,0.746476721460591,0.925373134328358,0.0168101459419297,"moderate_overlap_medium_hybrid","PSC full (combined)"
"Partially synthetic","Personalised Synthetic Controls","Medium","Large",-0.406836306277135,0.183789404933131,0.702518579353517,0.92017259978425,-0.0501613623384027,"large_overlap_medium_hybrid","PSC full (combined)"
"Partially synthetic","Personalised Synthetic Controls","Large","Small",-0.324818146255879,0.19951789475769,0.773143190308137,0.941968911917098,0.0318567976828537,"no_overlap_large_hybrid","PSC full (combined)"
"Partially synthetic","Personalised Synthetic Controls","Large","Medium",-0.331998401352869,0.169616321488806,0.654842397460291,0.928188638799571,0.024676542585863,"moderate_overlap_large_hybrid","PSC full (combined)"
"Partially synthetic","Personalised Synthetic Controls","Large","Large",-0.388679051101111,0.158688458323719,0.61191795130266,0.925324675324675,-0.032004107162379,"large_overlap_large_hybrid","PSC full (combined)"
"Partially synthetic","Synthetic Controls","Small","Small",-0.231900416615296,0.2851174549801,1.11763988624943,0.912948857453754,0.124774527323436,"no_overlap_small_hybrid","SC full"
"Partially synthetic","Synthetic Controls","Small","Medium",-0.234735373045986,0.265638722240304,1.04128465698047,0.948,0.121939570892746,"moderate_overlap_small_hybrid","SC full"
"Partially synthetic","Synthetic Controls","Small","Large",-0.278583625467679,0.257191246699822,1.00817116134121,0.955,0.0780913184710532,"large_overlap_small_hybrid","SC full"
"Partially synthetic","Synthetic Controls","Medium","Small",-0.24710707886869,0.231901754217852,0.909038172437299,0.900919305413687,0.109567865070042,"no_overlap_medium_hybrid","SC full"
"Partially synthetic","Synthetic Controls","Medium","Medium",-0.241852817012917,0.215835066346207,0.846057913278758,0.927,0.114822126925816,"moderate_overlap_medium_hybrid","SC full"
"Partially synthetic","Synthetic Controls","Medium","Large",-0.286069241222102,0.208519141482868,0.817380014787268,0.969,0.0706057027166306,"large_overlap_medium_hybrid","SC full"
"Partially synthetic","Synthetic Controls","Large","Small",-0.256102814303195,0.200942279427226,0.787679261297495,0.905432595573441,0.100572129635538,"no_overlap_large_hybrid","SC full"
"Partially synthetic","Synthetic Controls","Large","Medium",-0.233344874526963,0.186623889915744,0.731552205779252,0.927,0.12333006941177,"moderate_overlap_large_hybrid","SC full"
"Partially synthetic","Synthetic Controls","Large","Large",-0.272568133980521,0.180254519911093,0.706584734152602,0.953,0.0841068099582112,"large_overlap_large_hybrid","SC full"
"Partially synthetic","Bayesian Case-Weighted","Small","Small",-0.289952303730851,0.280647110824727,1.10011645916337,0.908596300326442,0.066722640207881,"no_overlap_small_hybrid","Bayes case-weighted"
"Partially synthetic","Bayesian Case-Weighted","Small","Medium",-0.272703099346466,0.262891065953173,1.03051404225113,0.944,0.0839718445922667,"moderate_overlap_small_hybrid","Bayes case-weighted"
"Partially synthetic","Bayesian Case-Weighted","Small","Large",-0.336807307341039,0.254519728503572,0.997699002443827,0.94,0.0198676365976934,"large_overlap_small_hybrid","Bayes case-weighted"
"Partially synthetic","Bayesian Case-Weighted","Medium","Small",-0.296941921507994,0.227595768435212,0.892159018333467,0.884576098059244,0.0597330224307389,"no_overlap_medium_hybrid","Bayes case-weighted"
"Partially synthetic","Bayesian Case-Weighted","Medium","Medium",-0.276378875027164,0.213087682908574,0.835288368099791,0.927,0.0802960689115682,"moderate_overlap_medium_hybrid","Bayes case-weighted"
"Partially synthetic","Bayesian Case-Weighted","Medium","Large",-0.339037967044391,0.206002554340118,0.807515174459774,0.953,0.0176369768943416,"large_overlap_medium_hybrid","Bayes case-weighted"
"Partially synthetic","Bayesian Case-Weighted","Large","Small",-0.293548295183361,0.196964732473559,0.772087563745486,0.88430583501006,0.0631266487553713,"no_overlap_large_hybrid","Bayes case-weighted"
"Partially synthetic","Bayesian Case-Weighted","Large","Medium",-0.266216126935221,0.18417214382627,0.72194153771004,0.917,0.0904588170035116,"moderate_overlap_large_hybrid","Bayes case-weighted"
"Partially synthetic","Bayesian Case-Weighted","Large","Large",-0.32557915428477,0.17793348596116,0.697486448255075,0.944,0.0310957896539622,"large_overlap_large_hybrid","Bayes case-weighted"
"Partially synthetic","Bayesian Commensurate Priors","Small","Small",-0.33544412078531,0.319890988983565,1.25394963477337,0.934711643090316,0.0212308231534223,"no_overlap_small_hybrid","Bayes commensurate"
"Partially synthetic","Bayesian Commensurate Priors","Small","Medium",-0.332354374432061,0.298606250236442,1.17051499204396,0.923,0.0243205695066719,"moderate_overlap_small_hybrid","Bayes commensurate"
"Partially synthetic","Bayesian Commensurate Priors","Small","Large",-0.376908408865479,0.289529012849602,1.13493287532931,0.908,-0.0202334649267464,"large_overlap_small_hybrid","Bayes commensurate"
"Partially synthetic","Bayesian Commensurate Priors","Medium","Small",-0.333669747570804,0.260353719096079,1.02056782533875,0.922369765066394,0.0230051963679285,"no_overlap_medium_hybrid","Bayes commensurate"
"Partially synthetic","Bayesian Commensurate Priors","Medium","Medium",-0.326744344213906,0.243398876373401,0.954106063138766,0.921,0.0299305997248263,"moderate_overlap_medium_hybrid","Bayes commensurate"
"Partially synthetic","Bayesian Commensurate Priors","Medium","Large",-0.371889158749322,0.235722649567413,0.924015806984972,0.916,-0.0152142148105899,"large_overlap_medium_hybrid","Bayes commensurate"
"Partially synthetic","Bayesian Commensurate Priors","Large","Small",-0.338586435666668,0.226052204594935,0.886108359263904,0.927565392354125,0.0180885082720648,"no_overlap_large_hybrid","Bayes commensurate"
"Partially synthetic","Bayesian Commensurate Priors","Large","Medium",-0.311112930613802,0.210565237910658,0.825400565401994,0.917,0.04556201332493,"moderate_overlap_large_hybrid","Bayes commensurate"
"Partially synthetic","Bayesian Commensurate Priors","Large","Large",-0.352862515026736,0.204175868669186,0.800354698207569,0.909,0.00381242891199662,"large_overlap_large_hybrid","Bayes commensurate"
