"method","n","mean_est","mean_se","mean_bias","acil","coverage"
"Pooled (unadj)",1000,-0.636227119371974,0.16498774077468,-0.279552175433242,0.646740059618008,0.614
"Pooled (full adj)",1000,-0.309481937781002,0.173274219241411,0.0471930061577305,0.679222458324925,0.936
"Pooled (partial adj)",1000,-0.332656315232864,0.169972716156774,0.0240186287058684,0.666280804043453,0.95
"PSC full",1000,-0.351382686151696,0.166229326810296,0.00529225778703646,0.637226734522626,0.919
"PSC partial",1000,-0.357662058432359,0.160938328170858,-0.000987114493626595,0.616159849006669,0.923
"SC full",1000,-0.273061875015215,0.214169012921781,0.0836130689235179,0.839527103862367,0.974
"SC partial",1000,-0.292198907122056,0.21429873821859,0.0644760368166767,0.840035617681627,0.976
"Bayes hist (info)",1000,-0.72759999284891,0.163199051760479,-0.370925048910177,0.639728527523255,0.397
"Bayes hist (case-weighted)",1000,-0.25339885552875,0.2096058162527,0.103276088409982,0.821639701610822,0.914
"PSC full (pw)",1000,-0.344472063588397,0.155664210130783,0.0122028803503356,0.596662053982834,0.758
"PSC partial (pw)",1000,-0.352016797075294,0.151649764097029,0.00465814686343835,0.579665658419445,0.813
